predicted_label,actual_label,result,confidence
0,0,TN,2.615052
0,0,TN,2.1503267
0,0,TN,3.6862247
0,0,TN,3.4612753
0,0,TN,2.782601
1,1,TP,1.9105417
0,0,TN,3.5217154
0,0,TN,0.9942963
0,0,TN,3.7267916
0,0,TN,1.952098
0,0,TN,3.045077
1,1,TP,4.3381643
1,1,TP,4.9060135
0,0,TN,2.6058967
0,0,TN,2.2355082
0,0,TN,3.368636
1,1,TP,0.92666745
0,0,TN,2.7121036
0,0,TN,3.0828867
0,0,TN,3.477145
0,0,TN,2.5372689
0,0,TN,2.022042
0,0,TN,2.541865
0,0,TN,2.9189355
0,0,TN,2.1935995
0,0,TN,1.6973532
0,0,TN,2.694998
0,0,TN,2.4521124
0,0,TN,3.000251
0,0,TN,1.8360453
0,0,TN,2.0745625
1,1,TP,4.9804506
0,0,TN,3.1568031
0,0,TN,3.008152
0,0,TN,1.7429395
1,1,TP,4.2971964
0,0,TN,2.8366468
0,0,TN,2.0770757
0,0,TN,3.5296772
0,0,TN,4.0023866
1,1,TP,2.5463934
0,0,TN,3.3703482
0,0,TN,2.2936914
0,0,TN,2.6113977
0,0,TN,3.0969675
0,0,TN,3.0441778
0,0,TN,3.1258366
1,1,TP,4.65201
0,0,TN,3.048671
0,0,TN,2.4158525
0,0,TN,2.3248193
0,0,TN,2.8092175
0,0,TN,1.8839952
0,0,TN,2.8226726
0,0,TN,2.7227523
0,0,TN,2.7743742
0,0,TN,2.741648
1,1,TP,4.2369285
0,0,TN,1.9259337
0,0,TN,3.3477695
0,0,TN,0.3299545
0,0,TN,2.950506
0,0,TN,3.6309693
0,0,TN,3.044648
0,0,TN,2.5054362
0,0,TN,2.7624164
0,0,TN,2.5336053
1,1,TP,3.5954158
1,1,TP,3.2007363
0,0,TN,3.0591466
0,0,TN,1.9937427
0,0,TN,2.049632
0,0,TN,3.3671768
0,0,TN,2.8990605
0,0,TN,0.21486898
0,0,TN,2.013971
0,0,TN,2.9436018
1,1,TP,4.915742
1,1,TP,4.982012
0,0,TN,3.0540135
0,0,TN,1.8100405
1,1,TP,2.953131
0,0,TN,4.065608
1,1,TP,4.5175366
0,0,TN,3.3752255
0,0,TN,2.762063
0,0,TN,2.6913078
0,0,TN,3.1509433
0,0,TN,1.9124383
1,1,TP,2.3594823
1,0,FP,1.3921659
0,0,TN,3.162946
1,0,FP,0.7346626
1,1,TP,3.9692743
0,0,TN,2.403846
0,0,TN,2.938812
0,0,TN,2.5562847
0,0,TN,2.3723102
0,0,TN,2.609958
1,1,TP,5.090727
0,0,TN,2.1952016
0,0,TN,3.419556
1,1,TP,0.18543798
0,0,TN,3.2232807
0,0,TN,2.6188886
1,1,TP,4.9665833
0,0,TN,1.1906579
0,0,TN,3.155967
1,1,TP,3.0149453
0,0,TN,2.7634795
1,1,TP,1.9058483
0,0,TN,2.178549
0,0,TN,3.918059
0,0,TN,0.7395153
0,0,TN,2.779372
1,1,TP,5.0194073
1,1,TP,1.4414271
1,1,TP,2.380243
1,1,TP,3.4200761
0,0,TN,2.6474063
0,0,TN,3.6778898
0,0,TN,2.2512598
1,1,TP,3.977196
0,0,TN,2.1310937
1,1,TP,4.2902184
1,1,TP,1.5581943
0,0,TN,4.1221466
0,0,TN,2.822491
0,0,TN,3.0428417
0,0,TN,3.4265876
1,1,TP,4.298195
0,0,TN,2.8775272
0,0,TN,3.3970447
0,0,TN,2.731507
0,0,TN,3.0711672
0,0,TN,2.1525152
0,0,TN,2.9562206
0,0,TN,2.6732414
0,0,TN,1.6868707
0,0,TN,2.557615
1,1,TP,2.2714696
1,1,TP,2.1615808
0,0,TN,3.3221052
0,0,TN,3.5681264
0,0,TN,1.9500978
1,1,TP,2.3636227
0,0,TN,3.8775928
0,0,TN,3.82798
0,0,TN,3.1385214
0,0,TN,1.4467528
1,1,TP,2.9859846
0,0,TN,1.8906964
0,0,TN,2.9965997
1,1,TP,2.7767355
0,0,TN,3.2164233
0,0,TN,0.77939403
0,0,TN,2.4735727
0,0,TN,1.4386568
0,0,TN,2.7515051
0,0,TN,2.9205725
0,0,TN,2.1662793
0,0,TN,2.8404024
1,1,TP,5.5243053
0,0,TN,2.4873312
0,0,TN,2.6747913
0,0,TN,2.7472894
1,1,TP,0.28983882
0,0,TN,2.4118845
0,0,TN,2.7262425
1,1,TP,3.6339743
0,0,TN,2.0816963
0,0,TN,3.4095538
0,0,TN,2.105736
0,0,TN,3.0698943
0,0,TN,3.5758212
0,0,TN,2.9392703
0,0,TN,2.636485
0,0,TN,3.1081014
0,0,TN,3.03812
0,0,TN,2.9319365
0,0,TN,2.5200822
0,0,TN,3.185888
0,0,TN,3.416395
0,0,TN,2.7892444
0,0,TN,3.1976566
0,0,TN,3.4195464
0,0,TN,2.3770757
0,0,TN,3.3800328
0,0,TN,3.4264946
0,0,TN,2.9529448
0,0,TN,3.1586292
0,0,TN,2.5502498
0,0,TN,3.1943917
0,0,TN,1.0618725
1,1,TP,5.6646595
0,0,TN,3.5722294
1,1,TP,2.0685177
0,0,TN,2.3521287
0,0,TN,2.069926
0,0,TN,3.7631547
0,0,TN,1.8328165
0,0,TN,2.6731908
0,0,TN,2.1710665
0,0,TN,1.8452944
0,0,TN,2.9009783
1,1,TP,4.1055274
0,0,TN,3.3622313
1,1,TP,3.6923206
0,0,TN,2.045789
0,0,TN,2.758115
0,0,TN,2.8993673
0,0,TN,2.8109362
1,1,TP,5.149356
0,0,TN,2.8344848
0,0,TN,0.74131393
0,0,TN,3.3512022
0,0,TN,3.0470564
0,0,TN,2.0177941
0,0,TN,-0.0060022622
0,0,TN,3.3853333
0,0,TN,2.796097
0,0,TN,2.3065886
0,0,TN,1.835887
0,0,TN,2.8657348
0,0,TN,3.8274558
1,1,TP,2.1129253
1,0,FP,0.006742522
0,0,TN,3.4158933
0,0,TN,2.4077454
1,1,TP,3.2203782
0,0,TN,3.2914534
0,0,TN,1.2735258
0,0,TN,2.4665344
0,0,TN,2.9929602
0,0,TN,1.9088602
0,0,TN,1.62005
0,0,TN,3.0741684
0,0,TN,2.3086197
0,0,TN,3.2258036
0,0,TN,0.7711595
1,1,TP,2.9912326
1,1,TP,4.187733
0,0,TN,1.9898739
0,0,TN,2.2030146
0,0,TN,2.3473713
0,0,TN,3.0706174
0,0,TN,2.6453965
1,1,TP,4.5010586
0,0,TN,0.75169814
1,1,TP,5.1380033
0,0,TN,3.5091488
0,0,TN,2.9712975
0,0,TN,3.4827745
0,0,TN,2.7294638
0,0,TN,2.87512
0,0,TN,2.7101896
0,0,TN,3.0848248
0,0,TN,2.2701702
0,0,TN,3.1760042
0,0,TN,1.4062055
0,0,TN,1.4215628
1,1,TP,1.5124553
0,0,TN,2.3517387
0,0,TN,1.7256902
0,0,TN,3.299268
0,0,TN,2.2071745
0,0,TN,2.439015
0,0,TN,3.5558138
0,0,TN,0.9975275
0,0,TN,3.0935423
0,0,TN,2.5928822
0,0,TN,2.8933346
1,1,TP,2.996318
0,0,TN,1.6585919
0,0,TN,0.20680536
1,1,TP,3.9267008
0,0,TN,2.9002087
0,0,TN,2.72921
0,0,TN,2.9396517
0,0,TN,2.4032094
0,0,TN,3.873814
0,0,TN,2.0990133
0,0,TN,3.3523462
0,0,TN,2.9254553
0,0,TN,2.9145782
0,0,TN,2.73054
0,0,TN,3.5679314
0,0,TN,3.5374587
0,0,TN,1.6285872
1,1,TP,4.4921865
0,0,TN,3.281055
0,0,TN,2.554124
1,1,TP,7.872893
0,0,TN,2.6158183
0,0,TN,3.6158626
0,0,TN,2.7161891
0,0,TN,3.0065343
0,0,TN,2.4696066
0,0,TN,2.8543327
0,0,TN,3.1080415
0,0,TN,2.1681077
0,0,TN,2.1629572
0,0,TN,2.2725139
0,0,TN,1.7697134
0,0,TN,2.7815332
0,0,TN,1.1058933
0,0,TN,2.913006
0,0,TN,3.0754948
0,0,TN,2.2630427
0,0,TN,3.1857667
0,0,TN,3.651038
0,0,TN,2.496997
0,0,TN,2.1526437
0,0,TN,3.4316957
0,0,TN,2.4109142
0,0,TN,2.7580302
0,0,TN,3.4077587
0,0,TN,2.661171
0,0,TN,3.2484572
0,0,TN,2.71034
0,0,TN,3.6966367
0,0,TN,3.1913958
1,1,TP,5.300273
0,0,TN,2.2647927
0,0,TN,3.3194394
0,0,TN,2.0500107
1,1,TP,3.5965624
1,1,TP,2.7425117
0,0,TN,3.7155378
0,0,TN,2.4052474
0,0,TN,2.0949113
0,0,TN,3.2089114
0,0,TN,2.5544536
1,1,TP,3.1212988
0,0,TN,3.0580523
0,0,TN,3.1081603
0,0,TN,2.3457673
0,0,TN,2.6316116
0,0,TN,2.9474509
0,0,TN,3.501446
0,0,TN,2.925413
0,0,TN,2.195471
0,0,TN,3.008218
0,0,TN,2.6821353
0,0,TN,2.9755325
1,1,TP,2.7055771
0,0,TN,2.4547284
0,0,TN,2.4270859
0,0,TN,3.147733
0,0,TN,2.4648855
0,0,TN,0.6893045
0,0,TN,2.6098373
0,0,TN,2.9151685
1,1,TP,1.6264597
0,0,TN,3.4944298
0,0,TN,3.2004879
0,0,TN,3.2280676
1,1,TP,4.9777727
0,0,TN,2.665372
1,0,FP,0.3731258
0,0,TN,3.310396
0,0,TN,3.1932402
0,0,TN,2.5115902
0,0,TN,3.6264312
0,0,TN,2.1571977
0,0,TN,1.5981766
0,0,TN,3.5792742
0,0,TN,3.2822502
0,0,TN,3.2210338
0,0,TN,2.8446653
0,0,TN,2.9876502
0,0,TN,2.1313806
0,0,TN,2.365908
0,0,TN,3.389579
0,0,TN,1.1379012
0,0,TN,1.6565405
0,0,TN,2.9690716
0,0,TN,2.8070197
0,0,TN,4.0550957
0,0,TN,2.7230923
0,0,TN,1.4770036
0,0,TN,1.5920695
0,0,TN,0.09475705
0,0,TN,3.6308796
0,0,TN,3.6322563
0,0,TN,3.843389
0,0,TN,2.5162377
0,0,TN,2.9594562
0,0,TN,3.3367488
0,0,TN,2.9973874
0,0,TN,2.5794704
0,0,TN,2.792287
0,0,TN,3.6419032
0,0,TN,2.7246592
0,0,TN,2.2225037
0,0,TN,-0.02272977
0,0,TN,2.9297113
0,0,TN,2.6467693
0,0,TN,1.76599
0,0,TN,1.9292232
0,0,TN,1.452145
1,1,TP,2.6697083
0,0,TN,3.2989757
0,0,TN,1.9112389
1,1,TP,7.651621
0,0,TN,3.6898568
0,0,TN,2.6625583
0,0,TN,3.1548111
0,0,TN,3.213192
1,1,TP,5.748371
0,0,TN,3.1966405
0,0,TN,2.8471107
1,1,TP,2.288932
0,0,TN,3.6361449
0,0,TN,2.5565057
0,0,TN,3.0326333
0,0,TN,3.3760045
1,1,TP,4.9448237
0,0,TN,3.0794737
0,0,TN,1.9950773
0,0,TN,3.724326
1,1,TP,3.535045
1,1,TP,-0.037501566
0,0,TN,2.8499165
0,0,TN,3.9117053
0,0,TN,2.741344
0,0,TN,3.316808
1,1,TP,4.317854
0,0,TN,2.8588846
0,0,TN,2.2970252
0,0,TN,1.9749528
0,0,TN,3.4262822
0,0,TN,2.639823
0,0,TN,2.7329028
0,0,TN,3.1343489
0,0,TN,2.6169724
0,0,TN,2.916067
1,1,TP,3.4905903
1,1,TP,4.895425
0,0,TN,2.8801458
0,0,TN,2.0528688
0,0,TN,3.0917852
0,0,TN,3.6860592
0,0,TN,2.9584863
1,1,TP,5.4768066
0,0,TN,2.5912306
0,0,TN,3.2066104
0,0,TN,2.9449122
0,0,TN,2.2126281
0,0,TN,2.2119274
0,0,TN,3.355843
0,0,TN,0.7478477
0,0,TN,2.2662718
0,0,TN,3.8396077
1,1,TP,3.9808676
0,0,TN,2.4106047
0,0,TN,2.4110975
0,0,TN,2.5018542
0,0,TN,2.6839898
1,1,TP,4.3442607
0,0,TN,2.3134763
0,0,TN,3.2192507
0,0,TN,0.39042318
0,0,TN,3.3724887
0,0,TN,2.255787
0,0,TN,3.7118366
0,0,TN,3.3980563
1,1,TP,2.2876823
1,1,TP,3.589082
0,0,TN,1.9672422
1,1,TP,5.777294
0,0,TN,2.3829165
0,0,TN,2.7106779
0,0,TN,2.5796368
0,0,TN,2.1643484
0,0,TN,3.0159519
0,0,TN,1.6343349
0,0,TN,2.375394
0,0,TN,3.3679702
1,1,TP,3.030609
0,0,TN,3.0696495
0,0,TN,1.1228801
0,0,TN,0.80437005
0,0,TN,3.562369
0,0,TN,3.0143535
0,0,TN,2.5882773
0,0,TN,2.4046273
0,0,TN,2.1455414
0,0,TN,3.1726408
0,0,TN,2.571808
0,0,TN,3.0456674
0,0,TN,1.0018128
0,0,TN,3.1823347
1,1,TP,5.935981
1,1,TP,1.924436
0,0,TN,2.6267414
0,0,TN,0.98610497
0,0,TN,1.439555
0,0,TN,2.1887047
1,1,TP,4.4519653
0,0,TN,2.6421814
0,0,TN,2.6009433
0,0,TN,1.0546232
0,0,TN,2.8921294
0,0,TN,2.949856
0,0,TN,2.0015776
0,0,TN,3.3373516
0,0,TN,2.3852646
0,0,TN,2.8588064
0,0,TN,2.4971325
0,0,TN,3.1951063
0,0,TN,2.6508439
0,0,TN,3.1223326
0,0,TN,2.7970045
0,0,TN,3.691061
1,1,TP,1.0804721
0,0,TN,3.4147134
1,1,TP,6.605016
0,0,TN,2.6290026
0,0,TN,2.4881768
0,0,TN,3.0835192
1,1,TP,4.4756856
0,0,TN,2.7297223
0,0,TN,2.7640781
0,0,TN,2.611924
0,0,TN,3.2173185
0,0,TN,3.050923
1,1,TP,3.243377
0,0,TN,3.1059225
0,0,TN,2.272055
0,0,TN,1.8324683
0,0,TN,3.5489814
0,0,TN,2.4375317
0,0,TN,3.6020672
0,0,TN,3.2728806
0,0,TN,1.1680452
0,0,TN,1.9081374
0,0,TN,3.1340292
0,0,TN,2.543008
0,0,TN,2.6121256
0,0,TN,3.0990407
0,0,TN,3.8395984
1,1,TP,3.3594716
0,0,TN,2.0835912
0,0,TN,2.7344477
1,1,TP,6.586391
0,0,TN,3.5427115
1,1,TP,3.0760024
0,0,TN,2.8427496
0,0,TN,3.0877407
1,1,TP,5.1931133
0,0,TN,3.285649
1,1,TP,4.356824
1,1,TP,4.7054358
0,0,TN,1.8268095
1,1,TP,2.3046303
0,0,TN,1.6442989
0,0,TN,3.095678
1,1,TP,3.0554292
0,0,TN,2.172815
0,0,TN,2.754034
1,1,TP,4.5468745
0,0,TN,2.1280622
0,0,TN,2.8575528
0,0,TN,3.1071455
1,1,TP,3.357373
0,0,TN,2.6216865
0,0,TN,3.9670022
0,0,TN,1.489527
1,1,TP,5.3981524
0,0,TN,2.0179882
0,0,TN,2.1853187
0,0,TN,3.4293885
0,0,TN,3.047559
0,0,TN,2.7576127
0,0,TN,2.0921628
0,0,TN,3.3598967
0,0,TN,2.6238008
0,0,TN,2.527922
0,0,TN,2.7125742
0,0,TN,2.4520047
0,0,TN,2.5090306
1,1,TP,5.8027306
0,0,TN,2.3710177
0,0,TN,3.290582
0,0,TN,1.6145462
0,0,TN,2.8287716
0,0,TN,2.8743198
0,0,TN,1.9724399
0,0,TN,3.0765538
0,0,TN,1.7303272
0,0,TN,3.502384
1,1,TP,6.3592367
0,0,TN,2.728269
0,0,TN,3.6301405
0,0,TN,3.0493228
0,0,TN,2.8864896
0,0,TN,2.8416936
0,1,FN,0.32349685
0,0,TN,2.7199628
0,0,TN,3.161142
0,0,TN,1.7669255
0,0,TN,2.4050477
1,1,TP,4.250746
0,0,TN,3.2678761
1,1,TP,5.412837
0,0,TN,2.6662824
1,1,TP,3.1419013
0,0,TN,2.3476107
0,0,TN,2.1626897
0,0,TN,2.9407306
0,0,TN,2.8270175
0,0,TN,2.146262
0,0,TN,3.6338518
0,0,TN,2.3271034
0,0,TN,3.510496
1,1,TP,3.8844192
0,0,TN,3.9495242
0,0,TN,2.4180543
0,0,TN,2.3374429
0,0,TN,2.2606564
0,0,TN,2.5703797
0,0,TN,3.488586
0,0,TN,2.7684956
0,0,TN,2.6318293
1,1,TP,2.8580902
1,1,TP,3.2835934
0,0,TN,1.7958275
0,0,TN,2.7877696
0,0,TN,3.296921
0,0,TN,1.8849384
0,0,TN,3.495546
1,1,TP,2.434059
0,0,TN,2.4320054
1,1,TP,4.3807726
0,0,TN,3.6331868
0,0,TN,2.7685695
0,0,TN,2.6331851
0,0,TN,2.8493247
0,0,TN,3.0206769
0,0,TN,2.838358
0,0,TN,2.2108114
0,0,TN,1.9016454
1,1,TP,4.61322
0,0,TN,3.2389371
1,1,TP,3.5481608
0,0,TN,2.810703
0,0,TN,2.4306037
0,0,TN,2.7862074
0,0,TN,2.6894486
0,0,TN,2.4420292
0,0,TN,3.9945476
0,0,TN,2.8790278
0,0,TN,2.0054436
0,0,TN,2.6504173
0,0,TN,2.2488923
1,1,TP,4.9789104
0,0,TN,1.4250039
0,0,TN,3.0699751
0,0,TN,2.3478281
0,0,TN,2.4241226
0,0,TN,2.0023978
1,1,TP,4.1460586
0,0,TN,2.3405683
0,0,TN,3.1229258
0,0,TN,2.5116441
0,0,TN,3.5325296
0,0,TN,2.8831267
0,0,TN,2.5957134
0,0,TN,3.5208414
0,0,TN,3.0390851
0,0,TN,3.5470066
1,1,TP,3.9194891
0,0,TN,2.0508468
0,0,TN,3.4014971
0,0,TN,1.2890357
1,1,TP,3.2970068
0,0,TN,1.7847391
0,0,TN,2.3195786
0,0,TN,1.1758085
0,0,TN,2.230528
0,0,TN,2.687825
0,0,TN,3.3738892
0,0,TN,2.5463111
1,1,TP,3.083394
0,0,TN,1.8404056
1,1,TP,3.913851
0,0,TN,3.702573
0,0,TN,3.217878
0,0,TN,2.5261152
1,1,TP,3.2062082
0,0,TN,3.6676693
0,0,TN,2.9403179
0,0,TN,2.1207154
0,0,TN,3.4756072
0,0,TN,0.22267982
0,0,TN,2.0522642
0,0,TN,3.909145
1,1,TP,4.787608
0,0,TN,2.4509225
0,0,TN,2.061503
1,1,TP,4.814342
0,0,TN,3.2576041
0,0,TN,1.840706
0,0,TN,2.6129987
0,0,TN,3.4468362
0,0,TN,1.891915
0,0,TN,1.1359578
0,0,TN,2.8250062
0,0,TN,3.1927946
0,0,TN,3.5057201
0,0,TN,2.6445305
0,0,TN,2.6165724
0,0,TN,2.2716765
0,0,TN,1.1659508
0,0,TN,2.732604
1,1,TP,2.8280256
0,0,TN,2.9702446
1,1,TP,4.7590003
1,1,TP,3.7109144
0,0,TN,1.8165897
0,0,TN,3.4167774
0,0,TN,1.2004668
0,0,TN,3.6002553
0,0,TN,3.3942206
0,0,TN,3.0023344
0,0,TN,1.9090005
0,0,TN,2.440705
0,0,TN,2.6062274
0,0,TN,2.5422297
0,0,TN,2.8909805
0,0,TN,2.667526
0,0,TN,2.914119
0,0,TN,3.0855763
0,0,TN,2.7177575
0,0,TN,2.8409402
0,0,TN,0.7200637
0,0,TN,2.6528428
1,1,TP,3.75524
0,0,TN,4.038938
0,0,TN,2.3793042
0,0,TN,2.7162213
0,0,TN,2.6817222
0,0,TN,3.2650504
0,0,TN,2.5820787
0,0,TN,3.1899586
0,0,TN,3.5065267
0,0,TN,2.5442166
1,1,TP,2.8438468
0,0,TN,3.0036001
0,0,TN,2.5730054
0,0,TN,1.7560803
0,0,TN,1.361122
0,0,TN,4.0163245
0,0,TN,3.3432677
0,0,TN,3.5008872
0,0,TN,2.332373
0,0,TN,2.8886895
1,1,TP,5.9783044
1,1,TP,0.36003804
0,0,TN,3.2296383
0,0,TN,3.6954327
0,0,TN,3.4249675
0,0,TN,3.533724
0,0,TN,3.3684988
0,0,TN,3.571246
0,0,TN,3.4341743
1,1,TP,5.8318677
0,0,TN,2.3599193
0,0,TN,3.0697281
1,1,TP,3.8597891
1,1,TP,3.8253274
1,1,TP,4.578377
0,0,TN,2.9380195
0,0,TN,1.1906941
0,0,TN,2.3210742
0,0,TN,3.9332678
0,0,TN,2.691057
0,0,TN,2.6648417
0,0,TN,3.5849597
1,1,TP,3.9502628
1,1,TP,4.285757
1,1,TP,6.7590804
0,0,TN,2.17688
0,0,TN,3.2029402
0,0,TN,2.9310553
0,0,TN,2.892916
1,1,TP,1.5128282
0,0,TN,2.9987886
1,1,TP,3.991007
0,0,TN,3.9008892
0,0,TN,3.4657593
0,0,TN,3.476468
0,0,TN,1.3032722
0,0,TN,3.0971186
0,0,TN,2.9559715
0,0,TN,3.1644044
0,0,TN,2.7380984
1,1,TP,5.380025
1,1,TP,2.7776618
0,0,TN,3.2085273
0,0,TN,1.9931237
0,0,TN,3.2744539
0,0,TN,3.3524315
0,0,TN,3.1806946
0,0,TN,1.8181604
0,0,TN,3.3225005
0,0,TN,2.4755113
0,0,TN,2.243822
1,1,TP,5.2712564
0,0,TN,2.0846055
0,0,TN,0.89676166
0,0,TN,2.397031
0,0,TN,2.6187146
1,1,TP,2.9585564
0,0,TN,3.3979247
0,0,TN,3.1348586
0,0,TN,3.3538601
0,0,TN,2.3963027
0,0,TN,2.4625797
0,0,TN,2.731765
0,0,TN,3.4000258
1,1,TP,4.2086673
0,0,TN,2.0187514
0,0,TN,1.2309266
0,0,TN,0.22261137
0,0,TN,3.2833107
1,1,TP,4.155867
0,0,TN,2.8008473
0,0,TN,1.4092183
0,0,TN,3.551182
0,0,TN,2.6813095
0,0,TN,2.4886408
0,0,TN,3.3417625
0,0,TN,1.8958822
0,0,TN,2.7937775
0,0,TN,2.321562
0,0,TN,1.6882747
0,0,TN,1.6601781
0,0,TN,2.3003452
0,0,TN,2.8954241
0,0,TN,2.1758153
1,1,TP,3.8222237
0,0,TN,2.8418293
0,0,TN,2.3630922
0,0,TN,2.4426944
0,0,TN,1.0474242
0,0,TN,2.0378518
0,0,TN,2.7308083
0,0,TN,2.5896442
0,0,TN,2.6899264
0,0,TN,3.0378036
0,0,TN,3.398368
0,0,TN,2.5874197
0,0,TN,3.3518274
0,0,TN,2.8358958
1,1,TP,4.6459484
0,0,TN,2.615228
0,0,TN,2.387017
1,1,TP,5.121942
0,0,TN,3.7164862
0,0,TN,2.3147025
0,0,TN,2.931753
0,0,TN,3.0119066
0,0,TN,3.1296284
0,0,TN,2.6621099
0,0,TN,2.4172046
0,0,TN,2.9350135
1,1,TP,4.8239236
0,0,TN,2.666786
0,0,TN,3.6131127
0,0,TN,3.8957493
0,0,TN,2.6701384
0,0,TN,3.0516703
1,1,TP,3.634729
0,0,TN,3.588883
0,0,TN,2.6794672
0,0,TN,2.7352307
0,0,TN,2.9553182
1,1,TP,2.5364723
0,0,TN,2.0919871
0,0,TN,1.8252906
0,0,TN,0.96275556
0,0,TN,2.411771
1,1,TP,4.441014
1,1,TP,4.348548
0,0,TN,2.7788405
0,0,TN,2.9067204
0,0,TN,2.4993699
1,1,TP,5.0425
0,0,TN,3.5738678
1,1,TP,-0.11447323
0,0,TN,2.323118
0,0,TN,2.79411
0,0,TN,2.323755
0,0,TN,3.3884263
0,0,TN,2.3336284
0,0,TN,3.7458618
1,1,TP,4.954303
0,0,TN,1.7970284
0,0,TN,2.8756528
0,0,TN,0.7545396
0,0,TN,2.9631946
0,0,TN,1.76874
1,1,TP,4.45648
0,0,TN,2.5022542
1,1,TP,4.554824
0,0,TN,1.1415948
1,1,TP,4.0824156
0,0,TN,2.722259
0,0,TN,1.9444157
0,0,TN,3.347389
0,0,TN,3.0571778
0,0,TN,2.9444275
1,1,TP,4.293419
0,0,TN,1.2696825
0,0,TN,3.6319592
0,0,TN,3.2416284
1,1,TP,4.451354
0,0,TN,3.094925
0,0,TN,2.619033
0,0,TN,2.3465555
0,0,TN,2.5922892
0,0,TN,2.3360598
0,0,TN,2.5669858
0,0,TN,2.7484782
0,0,TN,2.1995964
1,1,TP,4.4627223
0,0,TN,3.7521367
0,0,TN,2.9995544
0,0,TN,2.309151
1,1,TP,4.4819374
0,0,TN,3.6410563
1,1,TP,4.0283794
0,0,TN,2.3951442
0,0,TN,3.2615201
0,0,TN,2.8665392
0,0,TN,2.3482668
0,0,TN,2.1086948
0,0,TN,1.871894
0,0,TN,0.8734982
0,0,TN,2.8130882
0,0,TN,2.964537
1,1,TP,1.9390246
0,0,TN,3.1060443
0,0,TN,2.8893178
0,0,TN,2.9223106
0,0,TN,2.2020946
0,0,TN,2.5716288
0,0,TN,2.5437286
0,0,TN,3.8127878
0,0,TN,1.7345445
0,0,TN,3.6630237
0,0,TN,3.3568928
0,0,TN,2.8010995
0,0,TN,2.2283924
0,0,TN,3.0476732
0,0,TN,2.925514
0,1,FN,-0.19525236
0,0,TN,2.9489243
0,0,TN,2.5808923
0,0,TN,4.181672
0,0,TN,3.258433
0,0,TN,0.28975224
0,0,TN,2.8804653
0,0,TN,3.2228155
0,0,TN,3.8324568
0,0,TN,2.2740724
0,0,TN,3.100935
0,0,TN,1.5373411
0,0,TN,2.309852
0,0,TN,3.6902993
0,0,TN,2.4624178
0,0,TN,2.3862936
0,0,TN,2.5014746
0,0,TN,3.2930353
0,0,TN,3.009868
0,0,TN,2.7086368
0,0,TN,2.855504
0,0,TN,3.425361
0,0,TN,2.3556135
0,0,TN,2.9260166
0,0,TN,2.6779885
1,1,TP,6.6814084
0,0,TN,3.234659
0,0,TN,3.3498821
0,0,TN,2.6371765
0,0,TN,2.9309976
0,0,TN,2.4185336
0,0,TN,2.434684
0,0,TN,2.3209715
0,0,TN,3.3329875
0,0,TN,1.5738844
0,0,TN,3.042559
0,0,TN,3.1240659
0,0,TN,2.8577669
0,0,TN,2.9607222
0,0,TN,2.2437813
0,0,TN,2.3826206
0,0,TN,3.6916175
1,1,TP,5.5344834
0,0,TN,2.941211
0,0,TN,2.5986419
1,1,TP,1.957966
0,0,TN,3.203133
0,0,TN,3.4876244
0,0,TN,2.1185532
0,0,TN,2.5166078
0,0,TN,3.268383
0,0,TN,3.4342182
0,0,TN,3.089169
0,0,TN,2.8205097
1,1,TP,2.7870257
1,1,TP,4.3444433
0,0,TN,3.7125843
1,1,TP,5.9699783
0,0,TN,3.0143654
0,0,TN,1.955776
0,0,TN,3.0200822
0,0,TN,2.2543814
0,0,TN,2.341778
0,0,TN,3.0647871
0,0,TN,3.2847536
0,0,TN,3.6820288
0,0,TN,1.7581562
0,0,TN,3.7540228
0,0,TN,2.690861
0,0,TN,3.263424
1,1,TP,7.128482
1,1,TP,1.784576
0,0,TN,3.2026415
0,0,TN,3.069069
1,1,TP,5.6318293
0,0,TN,3.1087863
1,1,TP,3.3503454
0,0,TN,3.7827494
1,1,TP,4.2289743
1,1,TP,3.845215
0,0,TN,3.3452344
1,1,TP,3.33158
0,0,TN,2.8642585
0,0,TN,3.1951048
0,0,TN,3.3012145
0,0,TN,2.4022038
0,0,TN,2.243808
0,0,TN,2.7673972
0,0,TN,3.0930889
0,0,TN,3.028599
0,0,TN,3.2804663
0,0,TN,3.5430102
0,0,TN,3.8844893
0,0,TN,3.5417914
0,0,TN,2.845497
0,0,TN,0.5401691
0,0,TN,3.5024076
0,0,TN,3.3823287
0,0,TN,3.665263
0,0,TN,2.63071
0,0,TN,3.0334082
0,0,TN,1.6995687
0,0,TN,2.2963774
1,1,TP,3.3909352
0,0,TN,3.2795317
0,0,TN,2.3638527
0,0,TN,1.9342119
0,0,TN,3.1876032
0,0,TN,2.171088
0,0,TN,2.8009133
0,0,TN,-0.096669436
0,0,TN,1.0773928
0,0,TN,3.4923637
0,0,TN,2.7197144
1,1,TP,3.2989314
1,1,TP,3.7176983
0,0,TN,1.3102468
1,1,TP,0.62411565
0,0,TN,3.4226391
1,1,TP,3.277165
1,1,TP,2.074819
1,1,TP,2.6752744
0,0,TN,3.1694195
0,0,TN,2.2335532
1,1,TP,1.2336131
1,1,TP,2.229992
0,0,TN,1.7450014
1,1,TP,2.7664738
1,1,TP,4.337012
1,1,TP,5.716785
0,0,TN,3.0854604
0,0,TN,2.0368364
0,0,TN,2.756685
0,0,TN,2.326901
0,0,TN,2.9878356
1,1,TP,3.9089444
1,1,TP,4.624425
1,1,TP,2.9716198
0,0,TN,3.1258733
0,0,TN,2.9146872
0,0,TN,2.4890878
0,0,TN,2.0793655
0,0,TN,3.5602648
0,0,TN,2.210724
0,0,TN,2.0002124
0,0,TN,3.749202
0,0,TN,3.2052224
0,0,TN,3.2264707
0,0,TN,2.4972103
0,0,TN,2.64697
0,0,TN,3.0215843
1,1,TP,6.44965
1,1,TP,4.1917577
0,0,TN,1.4670409
1,1,TP,3.9419153
0,0,TN,3.3619926
1,1,TP,2.9223704
0,0,TN,3.3543403
1,1,TP,2.5694
0,0,TN,2.4167445
0,0,TN,3.8953087
0,0,TN,2.631635
0,0,TN,1.1798557
0,0,TN,3.3847792
0,0,TN,3.2134812
0,0,TN,4.223831
0,0,TN,1.7249477
0,0,TN,2.9846082
0,0,TN,3.1805766
0,0,TN,3.0468879
0,0,TN,2.7629604
0,0,TN,2.752371
0,0,TN,3.0826495
0,0,TN,3.0087645
0,0,TN,3.1643786
0,0,TN,2.3388984
0,0,TN,2.7288327
0,0,TN,2.5561097
0,0,TN,2.7166588
0,0,TN,1.5612415
0,0,TN,1.9711744
0,0,TN,2.4536722
0,0,TN,3.649967
1,1,TP,0.685255
0,0,TN,2.850488
0,0,TN,2.6910486
0,0,TN,3.2771597
0,0,TN,2.9341204
0,0,TN,3.4524827
0,0,TN,2.4719443
0,0,TN,2.3951714
1,0,FP,0.15547878
0,0,TN,2.9500992
0,0,TN,2.0807507
0,0,TN,3.5050967
0,0,TN,2.4961994
0,0,TN,1.7021972
0,0,TN,3.8111966
0,0,TN,3.2556531
0,0,TN,2.875594
0,0,TN,2.9674122
0,0,TN,1.5874016
0,0,TN,3.4815607
1,1,TP,1.925435
1,1,TP,2.0738087
0,0,TN,3.65107
0,0,TN,3.1704
1,1,TP,4.7243333
1,1,TP,5.6012726
0,0,TN,3.2960181
0,0,TN,1.9059895
0,0,TN,1.9505628
0,0,TN,2.8132188
1,1,TP,3.8423088
0,0,TN,1.9984394
0,0,TN,3.2331312
1,0,FP,0.25072798
0,0,TN,3.5298517
0,0,TN,1.9675153
0,0,TN,2.5195832
0,0,TN,2.441083
0,0,TN,2.1105378
0,0,TN,0.07460213
0,0,TN,2.9095874
0,0,TN,3.7739842
1,1,TP,2.6018496
0,0,TN,3.0671012
0,0,TN,3.3559892
1,1,TP,1.024443
1,1,TP,2.40542
1,1,TP,3.6754358
0,0,TN,3.9868495
0,0,TN,3.1533997
0,0,TN,2.5955408
0,0,TN,3.1518571
0,0,TN,3.7570474
0,0,TN,3.3297346
0,0,TN,2.4183369
0,0,TN,2.3186162
0,0,TN,2.26715
0,0,TN,3.5200465
0,0,TN,2.1219285
1,1,TP,3.0286348
1,1,TP,4.492298
1,1,TP,4.4727335
0,0,TN,2.4027205
0,0,TN,2.3673496
0,0,TN,2.565235
0,0,TN,2.4930837
0,0,TN,3.0690143
0,0,TN,2.552799
0,0,TN,2.480416
0,0,TN,3.2524016
0,0,TN,2.5243819
0,0,TN,3.150372
0,0,TN,3.1628778
1,1,TP,3.463831
0,0,TN,3.0391004
1,1,TP,0.47805494
0,0,TN,3.1864288
0,0,TN,2.4982476
0,0,TN,2.5063455
0,0,TN,3.0066345
0,0,TN,3.5040023
0,0,TN,3.602876
0,0,TN,0.850472
0,0,TN,2.6245024
0,0,TN,2.3459117
0,0,TN,2.6342509
1,1,TP,3.7085104
0,0,TN,3.3519905
1,1,TP,2.9813302
0,0,TN,2.1544316
0,0,TN,2.524018
0,0,TN,3.1659684
1,1,TP,1.2525887
0,0,TN,0.7136394
0,0,TN,2.7291946
0,0,TN,2.4106798
1,1,TP,4.3622932
0,0,TN,2.3998375
0,0,TN,3.0069015
1,1,TP,4.359289
0,0,TN,0.45339587
0,0,TN,2.124456
0,0,TN,2.867305
0,0,TN,2.2706044
0,0,TN,1.929466
1,1,TP,5.112716
1,1,TP,4.6913548
0,0,TN,1.9344901
0,0,TN,1.9758755
0,0,TN,2.4053605
0,0,TN,3.397809
0,0,TN,3.9522717
0,0,TN,1.5197731
0,0,TN,3.6491156
0,0,TN,3.573882
0,0,TN,2.848426
0,0,TN,2.020172
0,0,TN,2.6335304
0,0,TN,3.8481941
0,0,TN,3.733517
0,0,TN,3.6177237
0,0,TN,2.389941
0,0,TN,1.4007729
0,0,TN,2.9028356
1,1,TP,5.0234704
1,1,TP,4.575168
1,1,TP,6.2679048
0,0,TN,2.7109034
0,0,TN,3.555548
0,0,TN,3.9102778
1,1,TP,2.614902
0,0,TN,1.010055
0,0,TN,1.9580978
0,0,TN,2.8214896
0,0,TN,2.6817613
0,0,TN,2.9166586
1,1,TP,5.0262747
0,0,TN,3.3336782
0,0,TN,3.2307098
0,0,TN,3.7944353
0,0,TN,3.0755327
0,0,TN,2.5660253
0,0,TN,1.6726983
0,0,TN,2.5149066
0,0,TN,2.2980626
0,0,TN,2.4228106
1,1,TP,4.22497
0,0,TN,3.3191633
0,0,TN,3.6762373
0,0,TN,2.3071635
0,0,TN,1.2408656
0,0,TN,3.8651316
0,0,TN,-0.15756667
0,0,TN,2.767455
1,1,TP,3.9530709
1,1,TP,3.3125277
0,0,TN,2.2530386
0,0,TN,2.7137086
0,0,TN,2.3621767
0,0,TN,2.5128427
0,0,TN,1.626096
0,0,TN,3.302047
0,0,TN,2.399464
0,0,TN,2.9689953
1,1,TP,3.773044
0,0,TN,3.169352
1,1,TP,5.52884
0,0,TN,2.809786
0,0,TN,2.384373
0,0,TN,3.359785
0,0,TN,3.7493746
1,1,TP,3.9366028
0,0,TN,1.6473857
0,0,TN,2.2348077
0,0,TN,2.6453297
1,1,TP,2.9731236
0,0,TN,2.973961
0,0,TN,3.1800325
0,0,TN,2.5854814
0,0,TN,3.2105744
0,0,TN,2.8949404
0,0,TN,2.5476613
1,1,TP,-0.11061657
0,0,TN,2.5681777
0,0,TN,1.978516
0,0,TN,2.8921092
0,0,TN,3.846995
0,0,TN,3.105098
0,0,TN,1.9015946
1,1,TP,3.1854684
0,0,TN,3.3448026
0,0,TN,2.5849733
0,0,TN,3.554504
0,0,TN,2.666809
0,0,TN,2.4473445
0,0,TN,2.0134501
0,0,TN,3.465191
0,0,TN,3.5663254
0,0,TN,1.0133148
0,0,TN,3.5512083
0,0,TN,3.1948125
1,1,TP,2.960273
0,0,TN,2.391201
0,0,TN,3.3764203
0,0,TN,3.12694
0,0,TN,2.417189
0,0,TN,3.5600893
1,1,TP,5.973934
0,0,TN,3.0735998
1,1,TP,3.7011158
0,0,TN,2.5424232
0,0,TN,3.208142
1,1,TP,3.8017416
0,0,TN,3.721208
0,0,TN,2.824083
1,1,TP,3.0847304
0,0,TN,3.4515998
0,0,TN,3.4846094
0,0,TN,3.5810368
0,0,TN,2.6299326
0,0,TN,3.7584875
0,0,TN,3.3233957
1,1,TP,3.049297
1,1,TP,4.369715
0,0,TN,2.2978418
0,0,TN,3.605161
0,0,TN,2.0664246
0,0,TN,1.3305601
1,1,TP,4.599038
0,0,TN,3.8059537
0,0,TN,2.9207
1,1,TP,4.0838246
0,0,TN,3.2814207
0,0,TN,3.3697112
0,0,TN,2.9405978
0,0,TN,2.423282
0,0,TN,3.7435827
1,1,TP,1.7694297
1,1,TP,4.9295588
0,0,TN,2.7857835
1,1,TP,5.564819
0,0,TN,1.6674122
0,0,TN,2.8808587
0,0,TN,3.0158858
0,0,TN,2.1670702
0,0,TN,2.7587109
0,0,TN,1.9072881
0,0,TN,3.3468585
0,0,TN,1.3734962
1,1,TP,4.466512
0,0,TN,2.7899864
1,1,TP,2.70274
0,0,TN,2.45503
0,0,TN,2.6527917
0,0,TN,3.6210396
0,0,TN,2.957144
0,0,TN,3.8887823
0,0,TN,3.4891636
0,0,TN,3.164182
0,0,TN,2.1857398
0,0,TN,3.1858027
0,0,TN,2.7658079
0,0,TN,2.4967797
0,0,TN,3.0166097
0,0,TN,2.514825
0,0,TN,3.5265808
1,1,TP,3.494519
0,0,TN,1.5912088
0,0,TN,2.0140028
0,0,TN,2.3037672
0,0,TN,2.6792257
0,0,TN,2.755202
0,0,TN,2.3650644
1,1,TP,4.1518607
0,0,TN,2.8980944
1,1,TP,6.034322
0,0,TN,2.6305149
0,0,TN,1.936359
0,0,TN,2.55354
1,1,TP,4.020589
0,0,TN,2.873237
0,0,TN,3.0745108
0,0,TN,0.72885156
0,0,TN,2.2388344
0,0,TN,2.7222006
0,0,TN,3.243769
0,0,TN,3.1341116
0,0,TN,3.6902695
0,0,TN,1.9029812
0,0,TN,2.5183165
0,0,TN,2.6136212
1,1,TP,2.389114
0,0,TN,2.891568
0,0,TN,2.2880273
0,0,TN,3.20309
0,0,TN,3.274533
0,0,TN,3.1458094
1,1,TP,6.067011
0,0,TN,2.4762113
1,1,TP,4.24769
0,0,TN,3.4147651
0,0,TN,3.4994628
1,1,TP,5.3345423
1,1,TP,0.71157396
0,0,TN,2.8233092
1,1,TP,2.4969475
1,1,TP,3.3708723
0,0,TN,2.5652854
0,0,TN,1.5653747
0,0,TN,2.2415476
0,0,TN,3.4354386
0,0,TN,2.887534
1,1,TP,2.245549
0,0,TN,2.300565
0,0,TN,2.6638486
0,0,TN,2.5915864
1,1,TP,3.9727213
0,0,TN,3.4980745
1,1,TP,2.362099
0,0,TN,1.538616
0,0,TN,2.7345037
1,0,FP,0.14909783
0,0,TN,3.3678796
0,0,TN,3.1867244
1,1,TP,4.8692493
0,0,TN,3.742053
0,0,TN,2.8844297
0,0,TN,3.4557927
0,0,TN,2.2257867
0,0,TN,1.2352724
0,0,TN,2.488641
0,0,TN,3.5841272
0,0,TN,2.7053742
0,0,TN,2.4744847
0,0,TN,2.1920505
1,1,TP,2.1840718
0,0,TN,2.6687603
0,0,TN,3.0480812
0,0,TN,3.7445083
0,0,TN,2.3749282
0,0,TN,3.7841742
0,0,TN,2.49853
1,1,TP,2.975857
0,0,TN,2.1597419
1,1,TP,5.044012
0,0,TN,2.6211598
1,1,TP,6.3353996
0,0,TN,2.3493433
0,0,TN,2.238813
0,0,TN,2.062929
0,0,TN,3.417703
0,0,TN,2.261278
0,0,TN,3.3291
0,0,TN,2.161069
0,0,TN,2.5754812
0,0,TN,2.3954058
1,1,TP,6.0584345
0,0,TN,2.927196
0,0,TN,2.8720973
0,0,TN,2.5676982
0,0,TN,0.46269834
0,0,TN,2.6778266
0,0,TN,2.6908379
1,1,TP,4.550849
0,0,TN,3.4737675
0,0,TN,3.380372
0,0,TN,1.1892174
0,0,TN,2.143242
0,0,TN,3.8152883
0,0,TN,3.2351606
0,0,TN,2.0231237
0,0,TN,2.499944
0,0,TN,3.4168856
0,0,TN,2.8777916
1,1,TP,4.827758
0,0,TN,3.143391
0,0,TN,3.2128112
0,0,TN,1.6923662
0,0,TN,3.5495074
0,0,TN,3.4097764
1,1,TP,1.6276692
0,0,TN,3.244345
0,0,TN,3.4075234
0,0,TN,2.9380417
0,0,TN,3.3067758
0,0,TN,1.6150012
0,0,TN,2.9811656
0,0,TN,2.7925553
1,1,TP,5.605833
0,0,TN,2.897514
0,0,TN,2.5287056
1,1,TP,2.4295743
0,0,TN,2.5496712
0,0,TN,3.3434927
0,0,TN,2.301921
0,0,TN,2.7271233
0,0,TN,3.3363807
1,1,TP,3.9503062
0,0,TN,3.061426
0,0,TN,2.8963954
1,1,TP,2.572017
0,0,TN,2.7894614
0,0,TN,2.4977791
0,0,TN,2.5546505
0,0,TN,2.9424477
0,0,TN,2.7705748
1,1,TP,3.3677886
0,0,TN,1.847867
0,0,TN,2.9202483
0,0,TN,2.1447976
0,0,TN,3.436609
1,1,TP,4.966832
0,0,TN,2.2165487
0,0,TN,3.1043098
0,0,TN,3.0907738
0,0,TN,3.2459924
0,0,TN,2.445507
0,0,TN,2.6815236
0,0,TN,2.131101
0,0,TN,2.4801502
0,0,TN,3.7743313
0,0,TN,2.0766132
0,0,TN,2.761564
0,0,TN,2.8297536
0,0,TN,2.884506
0,0,TN,3.9286273
0,0,TN,3.465089
0,0,TN,3.355827
1,1,TP,2.530515
0,0,TN,2.9749053
0,0,TN,3.4148495
0,0,TN,1.9432019
0,0,TN,2.2889454
0,0,TN,3.1853564
1,1,TP,4.2461605
0,0,TN,0.4037301
0,0,TN,3.314422
1,1,TP,2.704844
0,0,TN,3.8609483
0,0,TN,3.7085428
0,0,TN,3.255914
0,0,TN,2.457537
0,0,TN,3.1997268
1,1,TP,2.1568024
0,0,TN,1.7245511
0,0,TN,2.297781
0,0,TN,2.9802911
1,1,TP,5.3525734
0,0,TN,1.0815129
0,0,TN,2.1053329
0,0,TN,2.1473963
0,0,TN,3.1189263
0,0,TN,3.53798
0,0,TN,2.4691072
0,0,TN,2.5955322
0,0,TN,2.1997454
0,0,TN,2.475982
1,1,TP,2.865264
0,0,TN,1.766084
0,0,TN,3.5375135
0,0,TN,3.7656567
0,0,TN,2.8582785
0,0,TN,2.4268153
0,0,TN,3.1632307
0,0,TN,2.9785657
1,1,TP,2.7904625
0,0,TN,2.6219862
0,0,TN,3.169198
0,0,TN,2.516954
1,1,TP,4.615314
1,1,TP,4.5150414
0,0,TN,2.7327244
0,0,TN,2.2436268
0,0,TN,2.5427616
0,0,TN,2.9485934
0,0,TN,3.461249
1,1,TP,3.7636511
1,1,TP,4.5033274
0,0,TN,2.1987321
0,0,TN,3.6866126
0,0,TN,1.5239254
0,0,TN,3.7146528
0,0,TN,3.0812924
0,0,TN,3.4518912
0,0,TN,2.8684447
0,0,TN,1.1915749
0,0,TN,2.84012
0,0,TN,2.3860667
0,0,TN,1.8222014
0,0,TN,2.838606
0,0,TN,2.850987
0,0,TN,3.559131
0,0,TN,3.2533948
0,0,TN,3.1809804
0,0,TN,3.9115465
0,0,TN,2.984621
0,0,TN,2.3356225
0,0,TN,2.4102728
0,0,TN,3.0154274
0,0,TN,3.0125282
0,0,TN,2.6436288
0,0,TN,3.184146
0,0,TN,3.9216835
0,0,TN,0.74078906
0,0,TN,3.3993094
0,0,TN,2.084288
0,0,TN,3.0983117
0,0,TN,2.2079675
0,0,TN,2.5970833
0,0,TN,3.0172255
0,0,TN,2.0986674
0,0,TN,2.80553
0,0,TN,2.8663273
1,0,FP,0.2475729
0,0,TN,2.686186
1,1,TP,4.0298347
0,0,TN,4.235138
1,1,TP,5.3916793
0,0,TN,2.8791497
0,0,TN,1.7003233
0,0,TN,2.4737985
0,0,TN,0.32081553
0,0,TN,2.1686559
0,0,TN,2.5353625
0,0,TN,2.851729
0,0,TN,2.3357213
0,0,TN,2.9411845
0,0,TN,2.6046593
0,0,TN,2.3735485
0,0,TN,3.224587
0,0,TN,2.8539732
0,0,TN,3.2207406
0,0,TN,2.6200247
1,1,TP,4.224165
0,0,TN,2.5560005
0,0,TN,2.0374873
0,0,TN,3.184821
0,0,TN,2.7041862
1,1,TP,3.3093598
0,0,TN,3.1613219
0,0,TN,3.5113866
0,0,TN,4.2389855
0,0,TN,1.5869951
1,1,TP,5.4599648
0,0,TN,2.02691
0,0,TN,0.8033644
1,1,TP,3.895133
0,0,TN,2.922685
1,1,TP,4.1545763
0,0,TN,2.391587
0,0,TN,3.8094633
0,0,TN,2.9086697
0,0,TN,3.2562404
0,0,TN,2.949571
1,1,TP,2.1623464
0,0,TN,3.10603
0,0,TN,2.0423305
0,0,TN,1.8672915
1,1,TP,3.9591696
0,0,TN,2.0574245
0,0,TN,4.267354
0,0,TN,2.3883426
1,1,TP,4.3884554
0,0,TN,1.2653501
1,1,TP,5.816944
0,0,TN,2.004372
0,0,TN,2.7372844
0,0,TN,2.41181
0,0,TN,4.184579
0,0,TN,2.4588683
1,1,TP,3.659461
0,0,TN,2.8617637
0,0,TN,3.1015952
1,1,TP,4.778419
0,0,TN,3.3720243
0,0,TN,3.8217993
0,0,TN,1.7655945
0,0,TN,0.5803305
0,0,TN,0.6311735
0,0,TN,3.5589964
0,0,TN,2.5057664
1,1,TP,5.22157
0,0,TN,2.7732046
1,1,TP,2.7459576
0,0,TN,1.8011473
0,0,TN,2.8086107
0,0,TN,3.074577
1,1,TP,4.620224
0,0,TN,3.134898
0,0,TN,3.517429
0,0,TN,3.485988
0,0,TN,3.0418022
0,0,TN,2.4064415
0,0,TN,4.2491426
1,1,TP,4.280656
0,0,TN,3.0552852
1,1,TP,2.60444
0,0,TN,2.3531704
0,0,TN,0.74363434
0,0,TN,1.7397538
0,0,TN,2.3735025
0,0,TN,3.4569623
0,0,TN,3.4933043
1,1,TP,2.8220296
0,0,TN,3.469005
0,0,TN,2.5870562
0,0,TN,3.1107495
1,1,TP,0.9929904
0,0,TN,2.4098454
0,0,TN,3.3255959
0,0,TN,2.7757926
0,0,TN,2.2476454
0,0,TN,2.7330852
0,0,TN,3.1497886
0,0,TN,3.0414965
0,0,TN,2.8731444
0,0,TN,3.5304544
1,1,TP,4.743506
0,0,TN,3.3169055
0,0,TN,2.0383902
1,1,TP,3.8050122
0,0,TN,3.2751698
0,0,TN,3.059136
1,1,TP,4.739039
0,0,TN,2.9488046
0,0,TN,3.1506934
0,0,TN,2.7999997
0,0,TN,2.6030629
0,0,TN,2.961391
0,0,TN,2.7369366
0,0,TN,2.7336333
0,0,TN,3.2959497
0,0,TN,3.438639
0,0,TN,0.6321554
1,1,TP,3.3481953
0,0,TN,0.54918516
0,0,TN,2.9162276
0,0,TN,2.9234436
0,0,TN,2.9298968
0,0,TN,3.0609734
1,1,TP,5.209815
0,0,TN,3.491186
0,0,TN,1.433463
1,1,TP,4.025591
1,1,TP,4.2254925
1,1,TP,4.8150434
0,0,TN,2.407234
1,1,TP,3.8963354
0,0,TN,2.023446
0,0,TN,2.576827
0,0,TN,2.3716502
0,0,TN,4.0746946
0,0,TN,2.5660198
0,0,TN,1.7479243
0,0,TN,2.6813757
0,0,TN,2.8809102
1,1,TP,2.0864532
0,0,TN,3.2667835
0,0,TN,3.252097
0,0,TN,2.5608451
0,0,TN,2.5703294
1,1,TP,5.7596636
0,0,TN,2.52385
0,0,TN,2.519103
0,0,TN,2.6199765
0,0,TN,3.3778398
0,0,TN,3.9055545
0,0,TN,2.1972823
0,0,TN,1.4496567
0,0,TN,2.8632624
0,0,TN,3.3502343
1,1,TP,4.785698
0,0,TN,2.7323132
0,0,TN,3.8312383
0,0,TN,2.1697514
0,0,TN,3.2544377
0,0,TN,3.1623073
0,0,TN,2.8284185
0,0,TN,3.4228609
0,0,TN,2.8790889
1,1,TP,4.561075
0,0,TN,3.1670306
1,1,TP,5.9942713
0,0,TN,2.543351
0,0,TN,3.237672
0,0,TN,2.6290395
0,0,TN,1.6318251
0,0,TN,2.9552891
0,0,TN,2.9121144
0,0,TN,2.0321305
0,0,TN,1.2072283
0,0,TN,2.1919453
0,0,TN,0.9527786
0,0,TN,2.765177
0,0,TN,2.9659624
1,1,TP,5.065646
0,0,TN,3.734463
0,0,TN,1.3423387
0,0,TN,2.8924847
0,0,TN,3.576804
0,0,TN,3.6158662
1,1,TP,1.0867144
0,0,TN,1.7341844
1,1,TP,4.20601
0,0,TN,2.2686691
0,0,TN,2.2216933
0,0,TN,1.9974003
0,0,TN,2.5264363
0,0,TN,2.3368847
0,0,TN,2.4461205
1,1,TP,4.386774
0,0,TN,3.462365
0,0,TN,3.0164287
1,1,TP,5.1292543
1,0,FP,0.6985121
0,0,TN,3.2005935
0,0,TN,3.6347334
0,0,TN,2.7494695
0,0,TN,3.3452122
1,1,TP,4.048887
1,1,TP,4.3622394
0,0,TN,2.8697038
0,0,TN,3.3383715
0,0,TN,2.8743155
0,0,TN,0.5404067
0,0,TN,1.9638909
0,0,TN,2.6634328
0,0,TN,3.8160036
0,0,TN,4.06922
0,0,TN,3.6051958
0,0,TN,2.41301
0,0,TN,2.4015834
0,0,TN,2.5191152
0,0,TN,1.5485958
0,0,TN,3.4007134
0,0,TN,3.3878057
0,0,TN,3.5902476
0,0,TN,1.4996103
0,0,TN,3.6513813
0,0,TN,2.0242252
1,1,TP,5.541568
1,1,TP,4.322879
1,1,TP,4.9523177
0,0,TN,3.1954415
0,0,TN,2.7418973
0,0,TN,3.08687
1,1,TP,4.5085554
1,1,TP,4.2411346
0,0,TN,2.0594244
0,0,TN,3.1015596
0,0,TN,2.2294898
0,0,TN,2.3576438
0,0,TN,3.2244437
0,0,TN,2.5185323
0,0,TN,2.9528327
0,0,TN,2.5099463
0,0,TN,2.5212667
0,0,TN,2.3194401
0,0,TN,3.1035545
0,0,TN,2.4622781
0,0,TN,2.1632702
0,0,TN,3.3481052
1,1,TP,4.0317497
0,0,TN,3.496758
0,0,TN,3.4359875
0,0,TN,3.39708
0,0,TN,2.603779
0,0,TN,0.8983754
0,0,TN,3.1574848
0,0,TN,3.142721
0,0,TN,3.1154327
0,0,TN,2.5961459
0,0,TN,2.495543
0,0,TN,3.3985631
0,0,TN,2.1922078
0,0,TN,2.7909873
1,1,TP,1.0727428
0,0,TN,2.499775
1,1,TP,4.068894
0,0,TN,3.142712
0,0,TN,2.7497127
0,0,TN,1.9586529
0,0,TN,3.274105
0,0,TN,3.718227
0,0,TN,2.91242
1,1,TP,4.3150673
0,0,TN,2.70632
0,0,TN,3.14836
0,0,TN,2.9677818
0,0,TN,2.6956453
0,0,TN,1.6725222
0,0,TN,3.1040378
0,0,TN,2.6797373
1,1,TP,6.561904
0,0,TN,2.8483279
0,0,TN,1.8662679
0,0,TN,3.7327528
0,0,TN,2.6373382
0,0,TN,2.9253876
0,0,TN,2.635212
0,0,TN,2.1175916
0,0,TN,2.4337444
0,0,TN,3.039904
0,0,TN,2.7464387
0,0,TN,2.3739336
0,0,TN,3.4365451
0,0,TN,3.4328113
0,0,TN,3.345966
1,1,TP,4.773407
1,1,TP,2.5595515
0,0,TN,2.801258
0,0,TN,3.5985932
0,0,TN,1.6490492
0,0,TN,3.769673
1,1,TP,0.5357753
1,1,TP,5.139045
0,0,TN,2.1336093
0,0,TN,3.2232509
0,0,TN,3.280659
0,0,TN,2.5918627
0,0,TN,3.1837888
0,0,TN,3.24557
0,0,TN,1.3142897
0,0,TN,2.5594594
0,0,TN,3.0142264
0,0,TN,2.2684636
0,0,TN,2.7081602
1,1,TP,4.8990088
0,0,TN,3.3349617
0,0,TN,3.2640119
0,0,TN,3.1281688
0,0,TN,2.0839114
0,0,TN,3.592518
0,0,TN,1.1135021
0,0,TN,3.45832
0,0,TN,1.0432656
0,0,TN,3.2395842
0,0,TN,3.71616
1,1,TP,2.6906366
0,0,TN,2.1596508
1,1,TP,5.6248045
1,1,TP,3.5185723
0,0,TN,3.0003731
0,0,TN,2.937785
1,1,TP,2.3180933
0,0,TN,2.54938
0,0,TN,2.36524
0,0,TN,1.4878842
1,1,TP,3.0330024
0,0,TN,3.5008805
0,0,TN,1.187339
0,0,TN,3.2705076
0,0,TN,3.067257
0,0,TN,3.6745245
0,0,TN,2.9505227
1,1,TP,4.907408
0,0,TN,2.5100336
0,0,TN,3.1760561
0,0,TN,2.2988353
0,0,TN,2.9727533
0,0,TN,2.6585333
0,0,TN,2.5885599
1,1,TP,1.150254
1,1,TP,2.9984016
0,0,TN,1.9454819
0,0,TN,3.647505
0,0,TN,3.8873584
1,1,TP,1.6577346
0,0,TN,3.5765188
0,0,TN,1.9247453
0,0,TN,3.3920228
0,0,TN,3.314567
0,0,TN,2.7165706
0,0,TN,2.451023
0,0,TN,2.9134376
0,0,TN,3.7132545
0,0,TN,3.3473756
0,0,TN,2.5359719
0,0,TN,2.5079215
1,1,TP,4.8770466
0,0,TN,3.730797
0,0,TN,2.1088195
0,0,TN,1.9789673
1,1,TP,4.133376
0,0,TN,2.9118745
0,0,TN,1.3642077
0,0,TN,3.135177
0,0,TN,2.8630464
0,0,TN,2.228872
0,0,TN,2.8808706
0,0,TN,1.3142332
0,0,TN,3.2441442
1,0,FP,-0.028761856
0,0,TN,2.4796724
0,0,TN,2.3662071
1,1,TP,3.082374
0,0,TN,2.9874656
1,1,TP,4.102398
0,0,TN,2.4155505
1,1,TP,4.058142
0,0,TN,3.332114
0,0,TN,2.5706317
1,1,TP,3.6236317
0,0,TN,2.1550362
0,0,TN,2.5421095
0,0,TN,2.357659
0,0,TN,2.4047189
0,0,TN,2.2347922
0,0,TN,1.4958674
0,0,TN,3.1647646
0,0,TN,3.4094906
0,0,TN,2.484598
0,0,TN,3.4735925
0,0,TN,3.5309355
0,0,TN,1.8744487
0,0,TN,3.234418
0,0,TN,3.9326456
0,0,TN,2.8574107
0,0,TN,3.00612
0,0,TN,2.7757723
0,0,TN,2.6831706
0,0,TN,2.108006
0,0,TN,2.7160077
0,0,TN,2.4391627
0,0,TN,3.2275121
0,0,TN,2.9046986
1,1,TP,4.8420258
0,0,TN,3.27905
0,0,TN,2.1985304
0,0,TN,3.544293
0,0,TN,1.6400682
1,1,TP,0.5958587
0,0,TN,2.78994
0,0,TN,3.301358
1,1,TP,4.4566555
0,0,TN,2.6743543
0,0,TN,0.8240129
0,0,TN,2.54763
0,0,TN,3.0925665
0,0,TN,1.524936
0,0,TN,2.2347376
0,0,TN,3.2446387
0,0,TN,2.7839017
0,0,TN,2.8703415
0,0,TN,2.8962145
0,0,TN,3.1961563
0,0,TN,3.855014
0,0,TN,2.2304263
0,0,TN,2.4422188
0,0,TN,3.5347946
0,0,TN,3.2028773
1,1,TP,4.4676685
0,0,TN,2.2592933
0,0,TN,3.3739858
1,1,TP,2.6152108
0,0,TN,2.3875453
0,0,TN,1.2000312
0,0,TN,3.062876
0,0,TN,2.9294713
0,0,TN,3.154225
0,0,TN,2.2572658
1,1,TP,4.0483565
0,0,TN,3.349151
0,0,TN,1.6434118
0,0,TN,3.5532966
0,0,TN,3.0945764
0,0,TN,2.9611142
0,0,TN,1.4989048
1,1,TP,4.8493166
0,0,TN,3.2063162
0,0,TN,1.1886237
0,0,TN,3.0405006
0,0,TN,0.81849563
0,0,TN,3.0960097
0,0,TN,2.8112907
0,0,TN,3.912279
0,0,TN,2.314584
0,0,TN,2.6049156
1,1,TP,6.187793
1,1,TP,5.7412996
0,0,TN,3.0365264
0,0,TN,2.9480824
1,1,TP,5.311161
0,0,TN,2.4008462
0,0,TN,3.0536616
0,0,TN,2.2208128
0,0,TN,2.9159114
0,0,TN,2.9057677
0,0,TN,3.2879007
0,0,TN,3.2499015
0,0,TN,2.292805
0,0,TN,3.1920621
0,0,TN,1.4667906
0,0,TN,3.4504986
0,0,TN,1.5268704
0,0,TN,2.9583008
0,0,TN,2.3963354
0,0,TN,2.2026813
0,0,TN,2.6099205
0,0,TN,2.9136856
0,0,TN,3.2994795
0,0,TN,3.114992
0,0,TN,3.3785145
0,0,TN,2.471145
0,0,TN,2.8387759
0,0,TN,3.5261178
0,0,TN,2.7748234
1,1,TP,5.7664084
0,0,TN,3.2266204
0,0,TN,2.6072214
0,0,TN,2.795068
0,0,TN,3.0706077
0,0,TN,3.3684318
0,0,TN,3.8031232
1,0,FP,0.17797863
0,0,TN,1.7992305
0,0,TN,2.443042
0,0,TN,1.8694153
0,0,TN,3.233353
0,0,TN,2.9859374
0,0,TN,4.1224036
0,0,TN,2.546286
0,0,TN,1.7690955
0,0,TN,2.8772628
0,0,TN,3.1603436
0,0,TN,2.8891435
0,0,TN,3.7428305
0,0,TN,2.7133248
0,0,TN,3.0723069
0,0,TN,2.4274652
0,0,TN,2.2899485
0,0,TN,1.9996914
0,0,TN,3.6113687
1,1,TP,4.084722
0,0,TN,2.1555274
0,0,TN,3.0036275
0,0,TN,2.833163
0,0,TN,2.843303
1,1,TP,4.8157177
1,1,TP,5.744412
1,1,TP,6.9119644
1,1,TP,3.9297054
0,0,TN,2.799813
0,0,TN,3.003086
0,0,TN,1.9410771
0,0,TN,2.8714225
0,0,TN,3.4765954
1,1,TP,5.6568804
0,0,TN,2.4230692
0,0,TN,3.4710755
0,0,TN,0.8864398
0,0,TN,3.0326447
0,0,TN,3.130419
0,0,TN,1.9596014
0,0,TN,3.3005674
1,1,TP,5.335064
0,0,TN,1.9647628
0,0,TN,3.119127
0,0,TN,2.8982577
0,0,TN,4.052421
0,0,TN,2.2510705
0,0,TN,3.2649632
0,0,TN,2.8257225
0,0,TN,-0.16593951
0,0,TN,3.0599391
1,1,TP,4.4521055
0,0,TN,2.9485939
0,0,TN,2.988607
0,0,TN,3.3551722
0,0,TN,2.1179502
0,0,TN,2.4572632
1,1,TP,4.5563254
1,1,TP,3.1369035
0,0,TN,0.9662223
1,1,TP,2.416511
0,0,TN,2.9913015
1,1,TP,5.030656
1,1,TP,2.4245322
0,0,TN,2.8702357
0,0,TN,2.380023
1,0,FP,0.42541564
0,0,TN,2.556944
0,0,TN,2.4219587
0,0,TN,3.7169163
1,1,TP,7.3896914
0,0,TN,3.3838885
1,1,TP,2.3952618
0,0,TN,2.092915
1,1,TP,3.1653883
0,0,TN,2.0231378
0,0,TN,3.3255775
0,0,TN,3.3781097
0,0,TN,3.2453022
0,0,TN,3.4737997
0,0,TN,1.9526503
0,0,TN,3.2311308
0,0,TN,3.322552
0,0,TN,3.2014549
0,0,TN,1.9658105
0,0,TN,2.6428092
0,0,TN,3.4117408
0,0,TN,3.6200898
0,0,TN,3.0036614
0,0,TN,2.5905976
0,0,TN,2.5247715
0,0,TN,2.9517639
0,0,TN,2.463246
0,0,TN,3.0669184
0,0,TN,2.452158
0,0,TN,2.7713008
0,0,TN,2.834277
1,1,TP,5.7876825
0,0,TN,2.091551
0,0,TN,2.715596
0,0,TN,2.0605352
1,1,TP,4.130335
0,0,TN,2.8347678
0,0,TN,1.8764603
0,0,TN,3.6916745
1,0,FP,-0.045086853
1,1,TP,2.0342631
0,0,TN,3.2363055
0,0,TN,2.458787
1,1,TP,4.3574476
0,0,TN,2.559765
0,0,TN,2.5682108
1,1,TP,2.221969
0,0,TN,2.8667016
0,0,TN,2.7908952
0,0,TN,2.4390757
0,0,TN,2.219118
0,0,TN,2.9318893
0,0,TN,2.4761713
0,0,TN,3.1540587
0,0,TN,2.7200022
0,0,TN,2.4765592
0,0,TN,2.29656
0,0,TN,2.8699253
0,0,TN,3.0860617
0,0,TN,3.022039
0,0,TN,2.625246
0,0,TN,2.4732122
0,0,TN,3.7407887
0,0,TN,2.5299518
1,1,TP,3.444691
0,0,TN,3.626572
0,0,TN,2.8124666
1,1,TP,5.271595
0,0,TN,0.7925806
0,0,TN,3.025243
0,0,TN,2.1332428
0,0,TN,2.5014513
1,1,TP,3.9893305
0,0,TN,1.9783235
0,0,TN,2.6250875
0,0,TN,3.4132593
0,0,TN,1.5632325
0,0,TN,3.2592764
0,0,TN,1.6871079
0,0,TN,3.4322975
0,0,TN,2.647373
0,0,TN,2.9808166
0,0,TN,3.2581167
0,0,TN,3.3611746
0,0,TN,2.6241095
0,0,TN,2.6626985
0,0,TN,2.961572
0,0,TN,2.400047
1,1,TP,4.134223
0,0,TN,3.145653
0,0,TN,2.808575
0,0,TN,1.6541594
0,0,TN,3.3904831
0,0,TN,2.8482869
0,0,TN,2.5599358
1,1,TP,2.0607526
0,0,TN,3.452309
0,0,TN,3.59274
0,0,TN,2.4065902
0,0,TN,1.7348956
1,1,TP,4.2693133
0,0,TN,1.5062389
0,0,TN,3.7049837
0,0,TN,2.6088467
0,0,TN,3.5809412
1,1,TP,5.0446076
0,0,TN,3.9291942
0,0,TN,2.4826138
0,0,TN,3.6448314
0,0,TN,2.5485113
0,0,TN,2.3434417
0,0,TN,2.531433
1,1,TP,3.5847611
1,1,TP,1.2169077
0,0,TN,1.8908211
1,1,TP,2.3796957
0,0,TN,2.5859778
0,0,TN,1.8857006
0,0,TN,2.5048249
0,0,TN,2.6610415
0,0,TN,3.4913929
0,0,TN,3.2538326
0,0,TN,2.9917204
1,1,TP,3.1773636
0,0,TN,2.2232726
0,0,TN,2.8883216
1,1,TP,6.9362264
1,1,TP,3.8133216
1,1,TP,3.4395616
0,0,TN,2.456766
1,1,TP,2.7749949
0,0,TN,1.7464992
0,1,FN,-0.021176353
1,1,TP,2.770189
0,0,TN,2.933952
0,0,TN,2.7243276
0,0,TN,3.0573652
0,0,TN,2.801877
0,0,TN,2.6134245
0,0,TN,3.2220178
0,0,TN,2.8744142
1,1,TP,3.9784997
0,0,TN,3.5987594
0,0,TN,3.3493426
0,0,TN,1.6186405
0,0,TN,3.7011545
0,0,TN,3.3215454
0,0,TN,1.7117494
0,0,TN,2.8724008
0,0,TN,1.9184064
0,0,TN,2.8551667
0,0,TN,4.2210455
0,0,TN,3.2147007
0,0,TN,3.2402296
0,0,TN,3.3193963
0,0,TN,3.2746222
0,0,TN,2.4515505
0,0,TN,1.7393758
0,0,TN,1.7861866
1,1,TP,3.4267142
0,0,TN,2.694727
0,0,TN,4.010164
0,0,TN,0.9002243
0,0,TN,1.1607519
1,1,TP,4.395392
0,0,TN,3.2563791
0,0,TN,2.076218
0,0,TN,3.2793853
1,1,TP,4.3572016
0,0,TN,3.5558841
0,0,TN,3.5162687
0,0,TN,1.5959309
0,0,TN,3.3084853
0,0,TN,3.3436794
0,0,TN,3.5611994
1,1,TP,1.9945282
1,1,TP,3.3473234
0,0,TN,2.6025822
0,0,TN,3.3407757
1,1,TP,2.8308017
0,0,TN,3.718187
0,0,TN,2.1967351
0,0,TN,2.1927109
0,0,TN,3.502956
0,0,TN,1.5589638
0,0,TN,2.504433
1,1,TP,0.2837217
0,0,TN,2.4625375
1,1,TP,0.69100606
1,1,TP,3.618571
0,0,TN,2.469756
0,0,TN,2.2713459
0,0,TN,3.1586523
1,1,TP,3.73691
0,0,TN,3.181351
0,0,TN,3.2077906
0,0,TN,3.0108333
0,0,TN,3.0273988
0,0,TN,2.6500041
0,0,TN,3.3213525
0,0,TN,2.0423474
1,1,TP,4.90553
0,0,TN,2.947559
0,0,TN,2.8190095
0,0,TN,3.6409724
0,0,TN,3.5977075
0,0,TN,3.4206443
0,0,TN,3.4164867
1,1,TP,5.9763317
0,0,TN,2.1522148
0,0,TN,2.8295214
0,0,TN,4.017817
0,0,TN,2.6776695
0,0,TN,1.7815298
0,0,TN,1.9849278
1,1,TP,4.78776
0,0,TN,2.322882
0,0,TN,3.9353187
0,0,TN,2.2754138
0,0,TN,0.43850896
0,0,TN,2.1487908
0,0,TN,3.6845903
0,0,TN,4.043787
0,0,TN,2.0853312
1,1,TP,4.5493984
0,0,TN,3.120359
1,1,TP,5.8502593
0,0,TN,3.010732
0,0,TN,2.4041162
1,1,TP,2.5750532
0,0,TN,2.1670222
0,0,TN,3.419058
0,0,TN,2.7966132
1,1,TP,4.428663
0,0,TN,1.7648467
1,1,TP,4.499145
0,0,TN,2.3915267
1,1,TP,3.5595822
1,1,TP,3.6053445
0,0,TN,3.0777662
0,0,TN,2.6595824
1,1,TP,3.193661
0,0,TN,2.9677932
0,0,TN,2.3848093
0,0,TN,3.1415756
0,0,TN,2.575587
0,0,TN,1.2911056
0,0,TN,2.2365813
0,0,TN,2.996518
0,0,TN,2.9076946
1,1,TP,2.3156106
0,0,TN,2.7958324
1,1,TP,0.9669999
0,0,TN,3.0667312
0,0,TN,2.7419906
0,0,TN,1.6659818
0,0,TN,3.0466855
0,0,TN,2.1624708
1,1,TP,4.6956024
0,0,TN,2.200528
1,1,TP,2.7273066
0,0,TN,2.7879739
1,1,TP,3.2146118
1,1,TP,2.010748
0,0,TN,2.923405
0,0,TN,3.467113
0,0,TN,2.4758873
1,1,TP,3.1789725
0,0,TN,2.2250574
1,1,TP,2.6065223
0,0,TN,2.8748622
1,1,TP,4.4349823
0,0,TN,2.4039907
1,1,TP,3.439007
0,0,TN,2.5380967
0,0,TN,2.5184572
0,0,TN,2.9499893
0,0,TN,2.3059933
0,0,TN,1.5949688
0,0,TN,2.324761
0,0,TN,3.335052
0,0,TN,1.514908
1,1,TP,5.084812
0,0,TN,3.1581106
0,0,TN,2.4386363
0,0,TN,3.298464
0,0,TN,2.2303936
1,1,TP,3.175514
0,0,TN,1.1112816
0,0,TN,2.9437554
0,0,TN,2.6165092
0,0,TN,2.9102237
0,0,TN,2.8418477
0,0,TN,3.1698482
0,0,TN,3.2804892
1,1,TP,4.0600967
0,0,TN,1.2708148
0,0,TN,1.5075244
0,0,TN,3.6367223
0,0,TN,2.9239151
0,0,TN,2.734632
0,0,TN,2.7494352
0,0,TN,3.379373
0,0,TN,3.5168931
0,0,TN,2.439835
0,0,TN,2.229067
0,0,TN,3.401641
0,0,TN,3.1695297
0,0,TN,3.2507946
0,0,TN,3.2388422
0,0,TN,3.361262
1,1,TP,5.211887
0,0,TN,3.5098531
0,0,TN,2.1867368
1,1,TP,4.899353
0,0,TN,0.5165875
0,0,TN,3.031164
0,0,TN,2.5401795
0,0,TN,3.0760002
0,0,TN,2.8887105
0,0,TN,1.7437149
0,0,TN,2.4202235
0,0,TN,1.0336596
1,1,TP,4.2134023
0,0,TN,2.8543818
0,0,TN,2.0265605
0,0,TN,2.3729453
0,0,TN,2.9457147
0,0,TN,3.1983078
0,0,TN,2.1227567
1,1,TP,5.382602
1,1,TP,5.574933
0,0,TN,3.016494
0,0,TN,2.7168138
0,0,TN,3.3049736
0,0,TN,2.8584268
0,0,TN,2.4902875
0,0,TN,1.6348194
0,0,TN,3.2367067
0,0,TN,1.4907461
0,0,TN,3.202607
0,0,TN,2.7806923
0,0,TN,3.4278681
0,0,TN,3.0858166
0,0,TN,2.112953
0,0,TN,2.1072452
0,0,TN,3.4207976
0,0,TN,2.34349
0,0,TN,2.7776463
0,0,TN,3.6645334
0,0,TN,1.7141192
0,0,TN,3.2113252
0,0,TN,1.861847
1,1,TP,5.7181063
0,0,TN,2.4752042
1,1,TP,5.9199753
0,0,TN,3.2316942
0,0,TN,2.77099
0,0,TN,2.4397507
0,0,TN,2.4779477
0,0,TN,3.3640606
1,1,TP,4.351549
0,0,TN,2.9803994
1,1,TP,4.659825
0,0,TN,3.7814229
0,0,TN,3.5373113
0,0,TN,1.748211
1,1,TP,1.9299
0,0,TN,3.126255
0,0,TN,3.5939102
0,0,TN,2.2198198
0,0,TN,3.6629655
1,1,TP,5.0713763
0,0,TN,0.7441623
0,0,TN,3.6796265
0,0,TN,3.5045483
0,0,TN,2.555679
0,0,TN,2.806908
0,0,TN,3.0218127
0,0,TN,2.2637234
0,0,TN,2.4891407
0,0,TN,2.2016563
1,1,TP,4.379387
1,1,TP,2.7202075
0,0,TN,2.409232
0,0,TN,1.8926263
0,0,TN,2.922906
0,0,TN,3.5061905
0,0,TN,3.4380639
0,0,TN,2.0707574
0,0,TN,2.4365883
0,0,TN,3.5936334
0,0,TN,3.3328993
0,0,TN,3.1746328
0,0,TN,2.9579556
0,0,TN,3.2188852
1,1,TP,4.598492
0,0,TN,2.922151
0,0,TN,3.57496
0,0,TN,2.2006476
0,0,TN,1.7386624
1,1,TP,5.95515
1,1,TP,1.885377
0,0,TN,2.6769187
0,0,TN,3.302179
0,0,TN,4.0730095
0,0,TN,0.13605286
0,0,TN,2.4459412
1,1,TP,4.800886
0,0,TN,1.8880926
0,0,TN,2.7458427
0,0,TN,3.4212832
1,1,TP,3.6826873
0,0,TN,2.9084425
0,0,TN,3.3307452
0,0,TN,3.9541614
1,1,TP,3.4868596
0,0,TN,2.2585688
1,1,TP,4.992134
0,0,TN,3.0732853
0,0,TN,2.3139918
0,0,TN,3.2088606
0,0,TN,3.282718
1,1,TP,5.3326607
0,0,TN,2.97973
0,0,TN,2.8976867
1,1,TP,5.4827824
0,0,TN,3.012531
0,0,TN,3.4446847
1,1,TP,4.883238
1,1,TP,5.9064064
0,0,TN,3.481314
1,1,TP,1.8733366
0,0,TN,2.5535214
0,0,TN,1.9475094
0,0,TN,3.452741
0,0,TN,2.4061031
0,0,TN,3.4997332
0,0,TN,2.3926268
0,0,TN,2.9093144
0,0,TN,1.2359152
0,0,TN,1.4061753
1,1,TP,4.713561
0,0,TN,2.650331
0,0,TN,3.0684178
0,0,TN,3.949976
0,0,TN,3.2120442
1,1,TP,3.996425
0,0,TN,2.0191429
0,0,TN,3.4717405
0,0,TN,3.232743
0,0,TN,1.612106
0,0,TN,3.6461747
1,1,TP,5.122798
0,0,TN,1.7532759
0,0,TN,2.2022805
0,0,TN,2.1751764
0,0,TN,3.3948376
0,0,TN,1.3874571
0,0,TN,3.3325708
0,0,TN,3.550401
1,1,TP,5.966835
0,0,TN,3.1031892
1,1,TP,1.8689034
0,0,TN,2.5191715
0,0,TN,2.027881
0,0,TN,1.4532875
1,1,TP,7.1034536
1,1,TP,0.87532294
0,0,TN,2.9752715
0,0,TN,2.9164417
0,0,TN,3.123473
0,0,TN,2.7934132
0,0,TN,2.5857706
0,0,TN,3.6657336
0,0,TN,2.5918705
0,0,TN,2.71669
1,1,TP,3.2411025
0,0,TN,1.3421057
0,0,TN,2.5552917
0,0,TN,2.6206236
0,0,TN,3.3436706
0,0,TN,2.397848
0,0,TN,2.5871055
0,0,TN,1.8402052
0,0,TN,1.980329
1,1,TP,4.612685
1,1,TP,4.1753983
0,0,TN,3.253712
0,0,TN,4.1016645
1,1,TP,4.526306
0,0,TN,2.73546
0,0,TN,1.5419158
0,0,TN,3.266533
0,0,TN,3.4764335
0,0,TN,2.6803868
0,0,TN,3.4209073
0,0,TN,3.6277754
0,0,TN,2.6305428
0,0,TN,3.0372121
0,0,TN,2.0189426
0,0,TN,3.7364678
0,0,TN,1.6879071
1,1,TP,4.2910194
0,0,TN,3.7897367
0,0,TN,2.4635437
1,1,TP,5.181267
0,0,TN,1.1074044
0,0,TN,3.358021
0,0,TN,1.9496177
0,0,TN,2.8820307
0,0,TN,2.8485367
1,1,TP,2.5619442
0,0,TN,2.2174141
1,1,TP,4.4129124
0,0,TN,1.4549369
0,0,TN,2.7370827
1,1,TP,0.7193002
0,0,TN,2.7848341
0,0,TN,1.9912484
0,0,TN,1.1665064
0,0,TN,3.0780985
0,0,TN,2.315365
0,0,TN,3.357775
1,1,TP,3.5447907
0,0,TN,3.2437181
0,0,TN,3.0911334
0,0,TN,3.3427193
1,1,TP,2.6275675
0,0,TN,3.3570151
1,1,TP,5.8861256
1,1,TP,5.0253963
0,0,TN,3.1899645
0,0,TN,1.793209
1,1,TP,2.1354158
1,1,TP,0.91434276
0,0,TN,1.7367312
0,0,TN,3.422109
0,0,TN,1.2712708
0,0,TN,3.1336632
0,0,TN,2.4634643
0,0,TN,3.8199782
0,0,TN,3.6392133
0,0,TN,3.0766501
0,0,TN,2.2209427
0,0,TN,3.3927977
0,0,TN,3.376247
0,0,TN,3.3712015
1,1,TP,2.8674371
0,0,TN,2.860974
0,0,TN,3.267453
0,0,TN,4.114113
0,0,TN,3.2721245
0,0,TN,1.0517809
0,0,TN,2.786025
0,0,TN,1.7727867
0,0,TN,2.3684642
1,1,TP,4.13605
0,0,TN,4.029255
0,0,TN,2.492329
0,0,TN,2.121559
1,1,TP,2.64534
0,0,TN,2.263583
0,0,TN,-0.17284074
1,1,TP,3.8986096
0,0,TN,2.808811
0,0,TN,2.5199182
1,1,TP,1.6966107
0,0,TN,3.8731563
0,0,TN,2.4199448
0,0,TN,3.169313
0,0,TN,1.0811039
0,0,TN,3.7465107
0,0,TN,0.13925257
0,0,TN,2.6726065
0,0,TN,3.0348406
0,0,TN,3.2943199
0,0,TN,3.261445
0,0,TN,2.5164216
1,1,TP,3.9360425
1,1,TP,4.0011034
0,0,TN,3.5853555
0,0,TN,2.3028643
0,0,TN,1.7384236
0,0,TN,3.3599398
1,1,TP,3.5961533
0,0,TN,3.363353
1,1,TP,3.5897706
0,0,TN,3.2650797
0,0,TN,1.775128
0,0,TN,1.6524972
0,0,TN,2.8649654
0,0,TN,3.358217
1,1,TP,4.2854958
1,1,TP,2.224745
0,0,TN,1.5930077
1,1,TP,0.5610194
0,0,TN,2.5975983
0,0,TN,2.6154
0,0,TN,2.3992193
0,0,TN,3.6865623
0,0,TN,2.7861516
0,0,TN,3.912744
0,0,TN,1.5210671
0,0,TN,2.6694992
0,0,TN,2.64017
0,0,TN,3.422869
0,0,TN,1.7530478
0,0,TN,3.0067961
1,1,TP,3.8666775
1,1,TP,5.0596733
0,0,TN,2.7918022
1,1,TP,2.0278401
0,0,TN,2.1997488
1,1,TP,4.9841204
0,0,TN,3.4953425
1,1,TP,2.4410357
0,0,TN,1.4239758
1,1,TP,4.178728
0,0,TN,1.3835218
0,0,TN,3.725184
0,0,TN,2.1869283
0,0,TN,3.5472252
0,0,TN,2.5835192
1,1,TP,5.722187
0,0,TN,2.7993069
1,1,TP,4.6459103
0,0,TN,2.3772504
0,0,TN,0.6292273
0,0,TN,3.7999625
0,0,TN,2.993602
1,1,TP,3.7386131
0,0,TN,2.9610868
0,0,TN,3.6767828
0,0,TN,2.3798368
1,1,TP,0.9499395
0,0,TN,2.672163
0,0,TN,2.5788982
0,0,TN,2.7336686
0,0,TN,1.4849014
0,0,TN,3.7008684
0,0,TN,2.5017364
0,0,TN,2.8043246
0,0,TN,2.4425457
0,0,TN,3.2546797
0,0,TN,3.1678138
0,0,TN,2.7843091
1,1,TP,4.3093023
0,0,TN,2.4512343
1,1,TP,3.8924205
1,1,TP,5.0070133
0,0,TN,2.6691625
0,0,TN,2.6845922
0,0,TN,0.690593
1,1,TP,4.1130524
0,0,TN,2.3628495
0,0,TN,2.8079388
0,0,TN,3.6878407
0,0,TN,3.4983294
0,0,TN,3.0442743
0,0,TN,2.24231
0,0,TN,3.3095725
0,0,TN,3.0132778
0,0,TN,2.4914355
0,0,TN,2.335721
0,0,TN,3.1868436
0,0,TN,3.020119
1,1,TP,2.6359813
0,0,TN,2.558398
0,0,TN,2.2308807
0,0,TN,3.2123349
0,0,TN,2.876668
0,0,TN,2.8141496
1,1,TP,2.8023245
0,0,TN,2.128861
0,0,TN,3.077646
0,0,TN,3.4414551
0,0,TN,2.3274362
0,0,TN,3.5094426
0,0,TN,3.149186
0,0,TN,2.9809775
0,0,TN,1.2283839
0,0,TN,3.5400078
0,0,TN,2.820164
0,0,TN,2.8673022
1,0,FP,0.21739066
0,0,TN,2.3835177
0,0,TN,1.7995758
0,0,TN,2.6352205
0,0,TN,2.3281221
1,1,TP,2.7361286
0,0,TN,3.099635
0,0,TN,3.5347507
0,0,TN,2.02549
1,1,TP,1.6331512
0,0,TN,3.9487112
0,0,TN,3.8941846
0,0,TN,3.5877297
1,1,TP,1.924894
0,0,TN,4.030831
0,0,TN,3.205622
1,1,TP,6.45786
0,0,TN,1.9487069
1,1,TP,4.7045126
0,0,TN,2.2972877
0,0,TN,2.9297404
0,0,TN,2.4431348
0,0,TN,3.3661988
0,0,TN,3.2533472
0,0,TN,1.6126634
1,1,TP,2.94719
0,0,TN,2.4627125
1,1,TP,3.346011
0,0,TN,3.8898916
0,0,TN,2.5207522
0,0,TN,2.2386425
0,0,TN,3.4377584
0,0,TN,2.7026134
0,0,TN,1.9304357
1,1,TP,2.1008074
0,0,TN,3.422007
1,1,TP,3.9524286
0,0,TN,3.634386
0,0,TN,3.5591693
1,1,TP,6.4353385
0,0,TN,2.163143
1,1,TP,5.364008
0,0,TN,2.7111356
0,0,TN,2.5527277
0,0,TN,3.805431
0,0,TN,3.814644
0,0,TN,2.9831243
0,0,TN,4.055725
0,0,TN,3.1010401
0,0,TN,3.1404288
0,0,TN,2.7707443
0,0,TN,2.6829655
1,1,TP,4.984054
0,0,TN,3.478832
0,0,TN,3.1474016
0,0,TN,2.741031
0,0,TN,2.3598645
0,0,TN,2.856974
0,0,TN,3.6721373
0,0,TN,2.5979755
0,0,TN,2.2448282
0,0,TN,1.6698256
1,1,TP,2.7167196
0,0,TN,2.8977857
0,0,TN,3.0507681
0,0,TN,3.279871
0,0,TN,2.6181839
1,1,TP,3.5758076
1,1,TP,2.5087097
0,0,TN,2.906622
0,0,TN,3.1597588
0,0,TN,2.534397
0,0,TN,2.9306107
0,0,TN,3.4211628
0,0,TN,1.8195608
1,1,TP,2.999568
1,1,TP,3.914716
0,0,TN,3.1904929
0,0,TN,1.8882368
0,0,TN,1.0753601
0,0,TN,3.1500523
0,0,TN,1.854256
0,0,TN,3.251036
0,0,TN,2.9076257
1,1,TP,1.7613941
0,0,TN,3.476793
1,1,TP,3.0733407
0,0,TN,2.2101793
0,0,TN,2.126433
0,0,TN,1.104303
1,1,TP,4.322748
0,0,TN,2.9253318
0,0,TN,3.1840422
1,1,TP,4.885214
0,0,TN,2.379237
0,0,TN,3.3842702
0,0,TN,2.4980485
0,0,TN,3.5243015
0,0,TN,2.484116
0,0,TN,3.3092127
0,0,TN,3.2405136
0,0,TN,3.843506
0,0,TN,0.7463944
0,0,TN,2.597573
0,0,TN,3.0942779
1,1,TP,2.9037359
0,0,TN,1.9631697
1,1,TP,5.2963243
1,1,TP,4.4976883
0,0,TN,2.6305308
0,0,TN,3.3725693
0,0,TN,2.478435
0,0,TN,3.7779644
0,0,TN,2.9534152
0,0,TN,3.2378514
0,0,TN,2.741235
0,0,TN,2.5467212
0,0,TN,1.5771157
0,0,TN,3.3627367
0,0,TN,2.8958378
0,0,TN,2.6337194
0,0,TN,2.7011042
0,0,TN,2.5062673
0,0,TN,2.5746443
0,0,TN,2.0842628
0,0,TN,3.2818882
0,0,TN,3.5115807
0,0,TN,2.5399237
0,0,TN,1.970115
0,0,TN,2.1051502
0,0,TN,3.7579951
0,0,TN,3.7952304
1,1,TP,1.9566094
0,0,TN,3.5832143
0,0,TN,1.7581006
0,0,TN,3.1475186
0,0,TN,1.8643118
0,0,TN,0.2409197
0,0,TN,3.0366125
0,0,TN,4.025666
1,1,TP,0.8918957
0,0,TN,2.6854453
0,0,TN,3.0827038
0,0,TN,2.3947513
0,0,TN,3.3529003
0,0,TN,1.8934296
0,0,TN,2.7710018
0,0,TN,3.406498
0,0,TN,2.8268433
0,0,TN,3.6090086
0,0,TN,2.640918
0,0,TN,2.4367323
0,0,TN,3.2852628
0,0,TN,3.8236573
0,0,TN,2.9887824
0,0,TN,2.793524
1,1,TP,3.712793
0,0,TN,2.6935549
0,0,TN,2.7993505
0,0,TN,2.007345
0,0,TN,0.0180334
1,1,TP,3.0365145
0,0,TN,2.0577867
1,1,TP,4.6405306
0,0,TN,0.0876416
0,0,TN,2.5512786
0,0,TN,1.8507438
0,0,TN,3.2745914
1,1,TP,1.3081924
0,0,TN,3.3590498
0,0,TN,2.5955365
0,0,TN,1.830649
0,0,TN,2.8527963
0,0,TN,3.1151009
0,0,TN,1.1407796
0,0,TN,1.8354443
0,0,TN,1.6715927
0,0,TN,3.1360533
0,0,TN,2.021323
0,0,TN,1.6455556
1,1,TP,5.6885066
1,1,TP,9.811824
0,0,TN,3.3437936
0,0,TN,3.1498628
1,1,TP,9.320989
1,1,TP,4.6932116
0,0,TN,3.389354
0,0,TN,2.8176835
0,0,TN,3.6691458
0,0,TN,3.429636
0,0,TN,3.5424829
0,0,TN,1.851514
0,0,TN,3.3126247
0,0,TN,3.1113112
0,0,TN,2.4165332
0,0,TN,3.5789683
0,0,TN,1.711524
1,1,TP,3.785934
0,0,TN,2.9781435
0,0,TN,2.9871044
1,1,TP,6.690037
0,0,TN,3.4180267
0,0,TN,3.475138
0,0,TN,2.690902
1,1,TP,5.0956535
0,0,TN,3.0946786
1,0,FP,0.55458784
0,0,TN,3.5285032
1,1,TP,4.6711645
1,1,TP,6.140004
0,0,TN,3.4138048
0,0,TN,2.7274559
0,0,TN,2.198967
0,0,TN,2.520051
0,0,TN,2.6449616
0,0,TN,2.9066396
0,0,TN,3.355198
1,1,TP,1.8243896
0,0,TN,1.0283525
0,0,TN,1.6659285
0,0,TN,2.4949481
0,0,TN,3.2445767
0,0,TN,2.7875178
0,0,TN,2.291046
0,0,TN,2.7851303
0,0,TN,3.0468657
0,0,TN,1.5805155
1,1,TP,3.352417
1,1,TP,4.1640863
0,0,TN,2.5375497
0,0,TN,2.4042578
0,0,TN,2.6629436
0,0,TN,2.4173014
0,0,TN,2.5959234
1,1,TP,5.1060696
0,0,TN,3.223029
0,0,TN,3.9979062
0,0,TN,2.2523043
0,0,TN,2.932749
0,0,TN,1.6187881
0,0,TN,3.0030556
0,0,TN,2.3543482
0,0,TN,2.6859868
0,0,TN,2.6993425
0,0,TN,3.2115304
1,1,TP,2.8845365
0,0,TN,1.9313089
0,0,TN,3.3173797
0,0,TN,3.3035867
0,0,TN,2.6519516
1,1,TP,3.661647
0,0,TN,1.9663453
1,1,TP,2.9473274
0,0,TN,3.0276687
0,0,TN,2.6037161
1,1,TP,4.5689363
1,1,TP,6.7877054
0,0,TN,2.4177623
0,0,TN,2.1813052
0,0,TN,3.046216
0,0,TN,2.81273
0,0,TN,2.7467508
0,0,TN,2.0967686
0,0,TN,3.3993962
0,0,TN,2.842018
0,0,TN,3.6805985
0,0,TN,1.2576247
0,0,TN,1.4789199
1,1,TP,3.9075956
0,0,TN,1.0090814
0,0,TN,2.2068079
0,0,TN,2.7844331
1,1,TP,5.0144806
0,0,TN,2.9445708
0,0,TN,3.1976433
0,0,TN,3.3697243
0,0,TN,3.081517
0,0,TN,2.6977708
0,0,TN,3.5102584
0,0,TN,2.8041997
0,0,TN,3.0078847
1,1,TP,2.81828
0,0,TN,3.1095927
0,0,TN,3.4152
0,0,TN,3.8807938
0,0,TN,2.799108
1,1,TP,5.2329597
0,0,TN,2.3905177
0,0,TN,2.2792256
0,0,TN,1.0260367
0,0,TN,2.3330643
0,0,TN,2.7840137
0,0,TN,2.9354851
0,0,TN,3.3132708
0,0,TN,1.8388985
0,0,TN,2.2693074
0,0,TN,2.6865952
0,0,TN,2.2542336
0,0,TN,2.2671936
0,0,TN,2.911377
0,0,TN,2.7284772
0,0,TN,3.266106
0,0,TN,3.459892
1,1,TP,1.1605788
0,0,TN,2.427235
1,1,TP,2.7474377
0,0,TN,2.506803
0,0,TN,3.1422207
1,1,TP,5.0891666
0,0,TN,3.7633731
0,0,TN,2.820618
0,0,TN,2.7816737
1,1,TP,1.372029
0,0,TN,2.7212794
0,0,TN,0.27140027
0,0,TN,3.1174285
0,0,TN,2.1679387
0,0,TN,3.086006
0,0,TN,3.109388
1,1,TP,4.419345
0,0,TN,2.6789725
0,0,TN,2.4530752
1,1,TP,3.133195
0,0,TN,3.1477764
0,0,TN,3.425152
1,1,TP,4.5530367
0,0,TN,2.1235154
1,1,TP,2.7439587
0,0,TN,1.8952054
0,0,TN,2.9018233
0,0,TN,2.4866476
0,0,TN,3.515858
0,0,TN,3.3151896
0,0,TN,2.425412
1,1,TP,0.5907939
0,0,TN,3.8077583
0,0,TN,3.095711
0,0,TN,2.3840444
0,0,TN,3.3915172
0,0,TN,2.5053883
0,0,TN,2.556615
0,0,TN,3.2723877
1,0,FP,-0.013841711
0,0,TN,1.7511306
0,0,TN,2.7296083
0,0,TN,3.8132157
0,0,TN,1.2012479
0,0,TN,1.7930186
0,0,TN,2.5182323
0,0,TN,1.4967376
1,1,TP,5.099842
1,1,TP,5.4127336
0,0,TN,3.9608808
0,0,TN,3.2328222
0,0,TN,2.0730336
0,0,TN,1.8739475
1,1,TP,2.2229574
0,0,TN,2.154516
1,1,TP,2.8632557
0,0,TN,3.005883
1,1,TP,4.1132994
0,0,TN,2.1507351
0,0,TN,2.7816074
1,1,TP,2.2062085
1,1,TP,0.7327043
0,0,TN,2.5601058
0,0,TN,1.8692728
0,0,TN,2.0890443
1,1,TP,2.3693979
0,0,TN,3.0857732
0,0,TN,3.2551305
0,0,TN,3.1678479
0,0,TN,1.6759522
0,0,TN,2.6277416
0,0,TN,3.282986
0,0,TN,2.9155555
0,0,TN,3.455123
1,1,TP,2.5669289
0,0,TN,2.1149871
0,0,TN,2.9967537
0,0,TN,3.1331015
1,1,TP,3.555508
0,0,TN,2.2468896
0,0,TN,2.4725235
0,0,TN,3.1636903
1,1,TP,4.1460114
0,0,TN,3.6451015
0,0,TN,3.4509854
0,0,TN,3.532602
0,0,TN,1.719463
0,0,TN,1.890097
0,0,TN,3.2487113
0,0,TN,4.0119324
0,0,TN,2.2754579
0,0,TN,2.680182
0,0,TN,2.7549622
1,1,TP,1.4739729
0,0,TN,2.5483265
0,0,TN,2.6919262
0,0,TN,2.4330666
0,0,TN,3.048002
0,0,TN,1.4593277
0,0,TN,2.054123
0,0,TN,2.3065403
0,0,TN,1.9059379
0,0,TN,2.4726543
0,0,TN,3.3062203
0,0,TN,2.9012969
0,0,TN,2.7265687
0,0,TN,2.6331325
1,1,TP,1.1257371
0,0,TN,1.9996673
0,0,TN,3.65083
0,0,TN,3.7573836
0,0,TN,3.0020483
0,0,TN,1.641613
0,0,TN,1.1814495
0,0,TN,3.5223186
0,0,TN,2.7088392
0,0,TN,3.6685302
0,0,TN,2.0420833
0,0,TN,1.4329479
0,0,TN,2.910333
0,0,TN,1.8258706
0,0,TN,1.7339071
0,0,TN,2.1094668
0,0,TN,3.5779645
0,0,TN,2.9975233
0,0,TN,1.6538942
0,0,TN,3.0585263
0,0,TN,2.0629928
0,0,TN,2.7075708
0,0,TN,2.3991292
0,0,TN,3.2782161
0,0,TN,3.194641
0,0,TN,1.0408593
1,1,TP,3.9845402
0,0,TN,3.573486
0,0,TN,3.1684673
0,0,TN,0.78962815
0,0,TN,1.8066221
0,0,TN,2.9933083
0,0,TN,2.3840106
0,0,TN,2.1881926
0,0,TN,3.1032808
0,0,TN,2.3809283
0,0,TN,2.42579
0,0,TN,3.4678702
0,0,TN,2.386174
0,0,TN,3.0020807
0,0,TN,1.4666481
0,0,TN,3.0538197
1,1,TP,4.940459
0,0,TN,3.6764972
0,0,TN,2.7318554
0,0,TN,3.678702
0,0,TN,2.6452072
0,0,TN,2.8974857
0,0,TN,3.922498
0,0,TN,3.5806859
0,0,TN,2.9249966
0,0,TN,2.7001665
0,0,TN,3.7144616
0,0,TN,3.611366
0,0,TN,2.3130877
0,0,TN,3.5651743
0,0,TN,2.3609955
0,0,TN,2.1709182
0,0,TN,3.0056329
0,0,TN,2.7506745
1,1,TP,2.0030913
0,0,TN,2.494096
0,0,TN,2.6897652
0,0,TN,3.293986
0,0,TN,2.2101486
1,1,TP,4.9030128
1,1,TP,5.455378
0,0,TN,3.5427382
0,0,TN,2.8093998
1,1,TP,4.877523
0,0,TN,2.5742238
1,1,TP,0.92220986
0,0,TN,2.4907708
0,0,TN,1.5752765
0,0,TN,3.2187152
0,0,TN,3.738434
1,1,TP,2.7811658
0,0,TN,3.7210014
1,1,TP,2.4035575
0,0,TN,2.6601722
0,0,TN,3.209191
0,0,TN,3.0614488
0,0,TN,1.5185667
0,0,TN,1.0578187
0,0,TN,2.2757003
1,1,TP,3.0816178
1,1,TP,5.449028
0,0,TN,3.2078469
0,0,TN,3.6135604
0,0,TN,2.5112693
1,1,TP,5.140647
0,0,TN,2.1146762
1,1,TP,4.5546684
0,0,TN,3.052811
0,0,TN,2.5922658
0,0,TN,2.7286506
1,1,TP,2.8463042
0,0,TN,2.3344083
0,0,TN,2.7327828
0,0,TN,2.719813
0,0,TN,3.2993112
0,0,TN,1.1603966
0,0,TN,1.7181472
1,1,TP,3.1401932
0,0,TN,3.077792
0,0,TN,3.4916134
0,0,TN,2.1509492
0,0,TN,1.9552287
0,0,TN,2.5413427
0,0,TN,2.59592
0,0,TN,1.7696433
0,0,TN,4.359171
0,0,TN,3.4977276
0,0,TN,2.892448
0,0,TN,2.0689754
0,0,TN,3.147847
0,0,TN,1.8168427
1,1,TP,2.5303428
0,0,TN,2.7622957
0,0,TN,2.2546914
0,0,TN,1.8392416
0,0,TN,2.5202172
1,1,TP,5.3428106
0,0,TN,3.3801801
0,0,TN,1.9565969
0,0,TN,2.7100227
0,0,TN,2.4761302
0,0,TN,3.2740688
0,0,TN,2.8685682
0,0,TN,0.39570054
1,1,TP,0.93826103
0,0,TN,3.1598704
0,0,TN,2.6967912
1,1,TP,4.2550454
0,0,TN,1.9559124
0,0,TN,3.7258577
0,0,TN,2.5897346
0,0,TN,3.2460413
0,0,TN,2.9327574
0,0,TN,1.2726251
0,0,TN,2.2851908
0,0,TN,2.669901
0,0,TN,2.3484929
0,0,TN,1.3939395
0,0,TN,2.4369733
0,0,TN,3.4675329
1,1,TP,5.4736395
0,0,TN,2.4484415
0,0,TN,3.5199068
0,0,TN,3.2730012
1,1,TP,4.301022
1,1,TP,4.0572233
0,0,TN,3.4713044
0,0,TN,1.594918
0,0,TN,3.1444738
0,0,TN,2.5645878
0,0,TN,1.8903927
0,0,TN,1.7735671
0,0,TN,2.5113358
0,0,TN,3.3426712
0,0,TN,1.9990816
0,0,TN,2.9779983
1,1,TP,5.1617227
0,0,TN,3.4206464
0,0,TN,2.1155865
0,0,TN,2.6355755
0,0,TN,3.1853004
0,0,TN,3.0683534
0,0,TN,2.9868805
1,1,TP,0.60291725
1,1,TP,3.7249641
0,0,TN,2.556452
0,0,TN,2.8878267
1,1,TP,5.445914
0,0,TN,2.4662971
0,0,TN,2.6659055
1,1,TP,6.408098
0,0,TN,3.4945157
0,0,TN,2.7462828
0,0,TN,0.66443956
0,0,TN,3.4352953
0,0,TN,2.9227033
0,0,TN,2.5468118
0,0,TN,3.154301
0,0,TN,1.384066
0,0,TN,3.5479968
1,1,TP,5.5843973
0,0,TN,3.4278145
1,1,TP,3.2207134
0,0,TN,2.9825456
1,1,TP,5.2873077
0,0,TN,3.162609
0,0,TN,2.8898942
0,0,TN,2.6087983
0,0,TN,2.4976811
0,0,TN,1.5665067
0,0,TN,3.2066164
0,0,TN,1.65474
0,0,TN,2.935787
1,1,TP,1.5328621
0,0,TN,2.646232
0,0,TN,1.6601595
1,1,TP,1.3506132
0,0,TN,2.2642937
0,0,TN,1.7621611
0,0,TN,2.6709268
0,0,TN,1.7531928
0,0,TN,3.215079
0,0,TN,2.4580956
0,0,TN,3.3289683
0,0,TN,2.5391724
0,0,TN,2.5566356
0,0,TN,2.0153046
1,1,TP,4.658238
0,0,TN,2.2703345
0,0,TN,2.1018176
0,0,TN,2.6365488
0,0,TN,3.2291434
0,0,TN,3.451141
0,0,TN,1.6974071
0,0,TN,2.892917
0,0,TN,3.3554697
0,0,TN,1.8694497
0,0,TN,2.6181972
0,0,TN,2.5041234
0,0,TN,3.0526352
0,0,TN,2.7977097
0,0,TN,2.5453315
0,0,TN,0.6922704
0,0,TN,3.7019794
0,0,TN,3.3489084
0,0,TN,2.6622448
0,0,TN,3.0023685
0,0,TN,2.846075
0,0,TN,3.289656
0,0,TN,2.4719718
0,0,TN,3.3620381
0,0,TN,1.5210934
0,0,TN,1.7156739
0,0,TN,2.4192853
0,0,TN,3.3352478
0,0,TN,3.283547
0,0,TN,3.3011086
0,0,TN,3.1778686
0,0,TN,2.228142
0,0,TN,2.1982424
0,0,TN,2.2234514
0,0,TN,2.5850656
0,0,TN,2.457719
0,0,TN,2.7051113
0,0,TN,2.1264346
0,0,TN,2.805571
1,1,TP,4.9224653
0,0,TN,3.6162896
0,0,TN,1.7957072
0,0,TN,3.5945683
0,0,TN,1.2921333
0,0,TN,2.5658662
0,0,TN,1.9877914
0,0,TN,1.5749902
0,0,TN,2.094397
0,0,TN,2.6763146
0,0,TN,0.7661134
0,0,TN,1.3420931
0,0,TN,3.1073632
0,0,TN,2.3822906
0,0,TN,2.4857402
0,0,TN,2.3077426
0,0,TN,1.6910411
0,0,TN,3.5151432
0,0,TN,3.146258
0,0,TN,3.436249
0,0,TN,2.339345
0,0,TN,2.4370914
0,0,TN,3.785764
0,0,TN,2.6191533
1,1,TP,4.2857146
0,0,TN,2.3249137
0,0,TN,3.3354404
0,0,TN,2.944595
1,1,TP,4.140579
0,0,TN,3.4413035
0,0,TN,3.93316
0,0,TN,2.9059772
0,0,TN,3.4199307
0,0,TN,2.213607
0,0,TN,2.489284
0,0,TN,3.2801054
0,0,TN,3.5285861
0,0,TN,3.398007
0,0,TN,3.3392973
0,0,TN,2.1894627
0,0,TN,2.042781
1,1,TP,4.859826
0,0,TN,2.3413754
1,1,TP,2.8799622
0,0,TN,3.2517579
0,0,TN,2.5347238
0,0,TN,2.370923
0,0,TN,2.3137388
0,0,TN,3.8014176
0,0,TN,3.1622946
1,1,TP,5.090949
1,1,TP,2.3287227
0,0,TN,3.6606658
0,0,TN,2.8208063
0,0,TN,2.5133264
1,1,TP,4.656292
0,0,TN,2.1693323
0,0,TN,2.8401763
0,0,TN,2.6648545
0,0,TN,1.6020725
0,0,TN,3.3738072
0,0,TN,2.0422606
0,0,TN,3.3482125
1,1,TP,2.3414514
0,0,TN,3.8433754
1,1,TP,4.8645306
1,1,TP,4.4977612
0,0,TN,2.389878
0,0,TN,2.3911293
1,1,TP,2.8706412
0,0,TN,1.8382406
0,0,TN,4.07409
1,1,TP,5.0617332
0,0,TN,3.8340402
0,0,TN,2.14364
0,0,TN,4.1866474
0,0,TN,2.7440617
0,0,TN,2.769756
0,0,TN,3.2610443
0,0,TN,3.0379527
0,0,TN,2.5031035
0,0,TN,1.4062809
1,1,TP,3.2480936
0,0,TN,2.5807855
0,0,TN,3.3527377
0,0,TN,2.2724073
0,0,TN,1.9333297
0,0,TN,3.5865886
0,0,TN,3.6928134
0,0,TN,2.3087833
0,0,TN,2.852535
0,0,TN,3.0329988
0,0,TN,2.5025969
1,1,TP,3.1328638
0,0,TN,1.6971473
0,0,TN,1.8737742
1,1,TP,4.02244
0,0,TN,1.8326579
1,1,TP,5.4989605
0,0,TN,3.1279953
0,0,TN,2.1838303
0,0,TN,2.5753686
0,0,TN,3.5112345
0,0,TN,3.1504464
0,0,TN,1.9846946
0,0,TN,2.0649006
0,0,TN,2.738654
0,0,TN,2.9864914
1,1,TP,1.2070495
1,1,TP,2.8934286
0,0,TN,3.4873173
0,0,TN,2.3114915
0,0,TN,2.9997127
1,1,TP,4.6175604
0,0,TN,3.2024887
0,0,TN,2.5779703
0,0,TN,3.2888737
0,0,TN,3.334548
0,0,TN,2.6783707
0,0,TN,3.022392
0,0,TN,2.850419
0,0,TN,3.582298
0,0,TN,3.6681821
0,0,TN,2.7643507
0,0,TN,2.6658957
0,0,TN,3.949425
0,0,TN,2.830456
1,1,TP,3.4938638
0,0,TN,3.6021857
0,0,TN,3.3515866
0,0,TN,2.764578
0,0,TN,2.197375
0,0,TN,3.2100208
0,0,TN,2.7386882
0,0,TN,2.864312
0,0,TN,1.7259101
0,0,TN,3.484172
0,0,TN,2.5413578
0,0,TN,1.9671965
0,0,TN,2.1675346
0,0,TN,2.0673335
0,0,TN,3.544469
0,0,TN,2.7657955
1,1,TP,5.0517383
1,1,TP,-0.1276235
0,0,TN,3.215505
1,1,TP,2.901063
0,0,TN,3.3396964
0,0,TN,2.6472147
0,0,TN,2.5756495
0,0,TN,3.0718298
0,0,TN,2.691555
0,0,TN,1.9259382
0,0,TN,2.026272
0,0,TN,2.5935247
0,0,TN,2.2636511
0,0,TN,3.2426846
0,0,TN,-0.19623059
0,0,TN,2.9950473
0,0,TN,1.2727778
0,0,TN,3.5416262
0,0,TN,2.5502563
0,0,TN,3.7938166
0,0,TN,3.4505394
0,0,TN,3.7736204
0,0,TN,2.8178415
1,1,TP,5.414459
0,0,TN,3.5136847
0,0,TN,2.6380503
0,0,TN,1.1298025
1,1,TP,5.42362
0,0,TN,3.5239847
0,0,TN,3.6201608
0,0,TN,2.080115
0,0,TN,0.6946087
0,0,TN,2.1029499
0,0,TN,1.5763057
1,1,TP,2.6024249
0,0,TN,3.13242
0,0,TN,3.0566401
1,1,TP,5.202546
0,0,TN,3.024546
0,0,TN,2.7261465
0,0,TN,1.6222632
0,0,TN,2.020495
0,0,TN,2.497904
0,0,TN,2.4806702
0,0,TN,1.6239299
0,0,TN,3.609279
0,0,TN,2.4964082
0,0,TN,2.6091545
0,0,TN,0.71805334
1,1,TP,5.612937
1,1,TP,4.289877
0,0,TN,3.421389
0,0,TN,3.812091
0,0,TN,3.2159383
1,1,TP,0.67837304
0,0,TN,3.3248096
0,0,TN,1.8201174
0,0,TN,3.6774492
1,1,TP,4.9201097
0,0,TN,1.621227
1,1,TP,2.2524273
0,0,TN,2.7637737
0,0,TN,2.912746
0,0,TN,2.9369295
0,0,TN,2.8700845
0,0,TN,3.2650034
0,0,TN,1.2278472
1,1,TP,4.6310844
0,0,TN,3.592453
0,0,TN,3.9063542
0,0,TN,2.827517
0,0,TN,2.5508254
0,0,TN,3.1293938
0,0,TN,2.8162744
0,0,TN,0.8920789
0,0,TN,2.6296346
0,0,TN,2.863661
0,0,TN,2.9639556
0,0,TN,1.6105901
0,0,TN,0.8749306
0,0,TN,2.5407608
0,0,TN,2.746099
0,0,TN,2.2481499
0,0,TN,3.2639859
1,1,TP,5.331994
0,0,TN,3.2207606
0,0,TN,3.1297638
0,0,TN,2.7306685
0,0,TN,3.627795
0,0,TN,1.2252717
0,0,TN,3.8144844
0,0,TN,3.267989
0,0,TN,3.3312323
0,0,TN,2.7151394
0,0,TN,2.45803
0,0,TN,2.3469632
0,0,TN,3.415537
0,0,TN,2.5935686
0,0,TN,2.4410307
0,0,TN,1.9679493
0,0,TN,2.4125493
0,0,TN,3.381221
0,0,TN,2.4083488
0,0,TN,3.1397083
0,0,TN,3.2042913
1,1,TP,2.3996766
0,0,TN,3.0288122
0,0,TN,2.5901039
0,0,TN,2.5523603
1,1,TP,4.8246565
0,0,TN,1.951232
0,0,TN,3.130162
0,0,TN,3.5445516
0,0,TN,2.2484372
0,0,TN,3.3782566
1,1,TP,4.5102954
0,0,TN,2.8130221
0,0,TN,2.4213018
0,0,TN,1.9847544
0,0,TN,2.8503513
0,0,TN,2.7582123
0,0,TN,2.8621604
0,0,TN,2.2725065
0,0,TN,2.284804
1,1,TP,4.53972
0,0,TN,3.6536753
0,0,TN,2.5924199
0,0,TN,3.2634242
0,0,TN,2.983205
1,1,TP,1.4597809
0,0,TN,2.3300302
0,0,TN,1.3196107
0,0,TN,2.7404773
0,0,TN,3.0126228
0,0,TN,1.4000512
0,0,TN,3.1556497
0,0,TN,3.0303967
0,0,TN,3.0971305
0,0,TN,2.6698763
0,0,TN,3.2228575
0,0,TN,2.795203
0,0,TN,3.134807
1,1,TP,4.731521
0,0,TN,2.4947157
0,0,TN,0.5637195
1,1,TP,5.60426
0,0,TN,2.4369361
0,0,TN,3.0754206
0,0,TN,0.9868132
1,0,FP,-0.033496045
1,1,TP,4.441881
1,1,TP,4.8303514
0,0,TN,3.168029
0,0,TN,2.1421688
0,0,TN,3.7701855
0,0,TN,2.4055889
0,0,TN,2.803766
0,0,TN,2.99388
1,1,TP,2.6838276
0,0,TN,2.634729
0,0,TN,2.3351915
1,1,TP,3.0916817
0,0,TN,2.523496
1,1,TP,3.129804
0,0,TN,2.319959
0,0,TN,3.0513954
0,0,TN,3.951823
1,1,TP,-0.15175429
0,0,TN,3.0929952
0,0,TN,2.4106276
0,0,TN,3.523129
0,0,TN,3.064239
0,0,TN,3.3412073
0,0,TN,4.041384
0,0,TN,3.1967247
0,0,TN,1.1087967
0,0,TN,2.892475
0,0,TN,2.7677555
0,0,TN,3.0040095
1,1,TP,3.4654374
0,0,TN,3.2508032
1,1,TP,4.179528
0,0,TN,2.9959214
1,1,TP,2.590829
0,0,TN,3.1604972
0,0,TN,2.0694659
0,0,TN,3.6186926
0,0,TN,3.6181855
0,0,TN,3.0025623
0,0,TN,2.6717803
0,0,TN,2.6777608
0,0,TN,1.4037306
0,0,TN,2.3523648
0,0,TN,2.165573
0,0,TN,3.4325244
1,1,TP,4.3880596
0,0,TN,2.7131922
0,0,TN,3.0981035
0,0,TN,2.0771809
0,0,TN,3.1992505
1,1,TP,4.851879
0,0,TN,1.4583915
1,0,FP,0.46127582
0,0,TN,3.205201
0,0,TN,3.0528252
0,0,TN,0.69088066
1,1,TP,3.5882373
0,0,TN,1.6338133
0,0,TN,3.3227818
0,0,TN,3.897813
0,0,TN,3.6382246
0,0,TN,2.4859092
0,0,TN,3.1578388
0,0,TN,4.130561
1,1,TP,0.9570674
0,0,TN,4.1073294
0,0,TN,2.501719
0,0,TN,3.2760468
0,0,TN,3.54618
0,0,TN,4.2294154
0,0,TN,2.977368
1,1,TP,6.038559
1,1,TP,3.1534631
0,0,TN,2.3698914
0,0,TN,3.36705
0,0,TN,2.5821137
0,0,TN,2.0512931
0,0,TN,3.432092
0,0,TN,1.2331973
0,0,TN,3.3314116
1,1,TP,4.169964
0,0,TN,2.9685645
0,0,TN,2.5663564
0,0,TN,1.4821211
0,0,TN,4.4981246
1,1,TP,2.672053
0,0,TN,2.7232087
0,0,TN,2.1032526
1,1,TP,4.284954
0,0,TN,1.7760688
0,0,TN,4.40701
0,0,TN,3.0543678
0,0,TN,4.124214
0,0,TN,2.3792093
1,1,TP,4.4477134
0,0,TN,2.9527967
0,0,TN,3.0689142
0,0,TN,1.1255475
